Workbook

Sheet 期望1
A1: 干员 | B1: 主能力 | C1: 副能力 | D1: 怪物抗性 | G1: 暴击伤害 | H1: 非暴击伤害 | I1: 期望伤害 | J1: 次数 | K1: 技能名 | L1: 增益1 | M1: 增益2 | N1: 增益3 | O1: 增益4 | P1: 增益5 | Q1: 增益6 | R1: 增益7 | S1: 增益8 | T1: 增益9 | U1: 增益10 | V1: 增益11 | W1: 增益12 | X1: 增益13 | Y1: 增益14 | Z1: 增益15 | AA1: 倍率 | AB1: 攻击加成 | AC1: 即时攻击 | AD1: 暴击 | AE1: 暴击伤害 | AF1: 伤害加成 | AG1: 源石技艺加成 | AH1: 增幅加成 | AI1: 脆弱加成 | AJ1: 易伤加成 | AK1: 失衡易伤加成 | AL1: 抗性 | AM1: 连击加成 | AN1: 特殊加成
A2: 弭弗0-1潜 | B2: =VLOOKUP($A$2,干员属性!$A:$AG,24,FALSE) -> 力量 | C2: =VLOOKUP($A$2,干员属性!$A:$AG,25,FALSE) -> 意志 | D2: 0 | G2: =AA2*AC2*(1+AF2)*(1+AG2)*(1+AH2)*(1+AI2)*(1+AJ2)*(1+AK2)*(1-$D$2+AL2)*(1+AM2)*(1+AN2)*0.5*AE2*J2 -> 223161.64 | H2: =AA2*AC2*(1+AF2)*(1+AG2)*(1+AH2)*(1+AI2)*(1+AJ2)*(1+AK2)*(1-$D$2+AL2)*(1+AM2)*(1+AN2)*0.5*J2 -> 148774.43 | I2: =AA2*AC2*(1+AF2)*(1+AG2)*(1+AH2)*(1+AI2)*(1+AJ2)*(1+AK2)*(1-$D$2+AL2)*(1+AM2)*(1+AN2)*0.5*(AE2*AD2+(1-AD2))*J2 -> 160676.38 | J2: 1 | K2: 3层猛击 | L2: 旧锋3层翻倍 | M2: 弭弗连携脆弱0潜 | N2: 弭弗专武+强度0潜 | O2: 弭弗专武+物伤3层0潜 | P2: N/a | Q2: N/a | R2: N/a | S2: N/a | T2: N/a | U2: N/a | V2: N/a | W2: N/a | X2: N/a | Y2: N/a | Z2: N/a | AA2: =VLOOKUP(K2,技能属性!$A:$AB,2,FALSE) -> 6 | AB2: {=$C$8+SUM(_xlfn.XLOOKUP(L2:Z2,增益属性!$A:$A,增益属性!$N:$N,0))} -> 0.47 | AC2: {=($C$7*(1+AB2)+$C$27)*(1+(INT((VLOOKUP(VLOOKUP($A$2,干员属性!$A:$AB,24,FALSE),$B$3:$C$6,2,FALSE)/(1+$C$24)*(1+$C$24+SUM(_xlfn.XLOOKUP(L2:Z2,增益属性!$A:$A,增益属性!$O:$O,0)))))*0.5+INT(VLOOKUP(VLOOKUP($A$2,干员属性!$A:$AB,25,FALSE),$B$3:$C$6,2,FALSE)*(1+SUM(_xlfn.XLOOKUP(L2:Z2,增益属性!$A:$A,增益属性!$O:$O,0))))*0.2+(INT(IFERROR(VLOOKUP(VLOOKUP($A$2,干员属性!$A:$AB,26,FALSE),$B$3:$C$6,2,FALSE),0)/(1+$C$25)*(1+$C$25+SUM(_xlfn.XLOOKUP(L2:Z2,增益属性!$A:$A,增益属性!$O:$O,0))))+INT(IFERROR(VLOOKUP(VLOOKUP($A$2,干员属性!$A:$AB,27,FALSE),$B$3:$C$6,2,FALSE),0)*(1+SUM(_xlfn.XLOOKUP(L2:Z2,增益属性!$A:$A,增益属性!$O:$O,0)))))*VLOOKUP($A$2,干员属性!$A:$AB,28,FALSE))/100)} -> 6896.898 | AD2: {=$C$10+VLOOKUP(K2,技能属性!$A:$Z,3,FALSE)+SUM(_xlfn.XLOOKUP(L2:Z2,增益属性!$A:$A,增益属性!$B:$B))} -> 0.16 | AE2: {=$C$11+VLOOKUP(K2,技能属性!$A:$AB,4,FALSE)+SUM(_xlfn.XLOOKUP(L2:Z2,增益属性!$A:$A,增益属性!$C:$C))} -> 1.5 | AF2: {=VLOOKUP(VLOOKUP(K2,技能属性!$A:$Z,5,FALSE),$B$14:$C$18,2,FALSE)+SUM(_xlfn.XLOOKUP(L2:Z2,增益属性!$A:$A,增益属性!$D:$D))+SUM(_xlfn.XLOOKUP(L2:Z2,增益属性!$A:$A,增益属性!$E:$E))+IF(VLOOKUP(K2,技能属性!$A:$Z,6,FALSE)="无",0,VLOOKUP(VLOOKUP(K2,技能属性!$A:$Z,6,FALSE),$B$20:$C$23,2,FALSE))+IF(VLOOKUP(K2,技能属性!$A:$Z,7,FALSE)=0,0,$C$19)} -> 1.2625 | AG2: {=IF(VLOOKUP(K2,技能属性!$A:$Z,8,FALSE)=0,0,$C$12+SUM(_xlfn.XLOOKUP(L2:Z2,增益属性!$A:$A,增益属性!$F:$F)))} -> 1.4667 | AH2: {=VLOOKUP(K2,技能属性!$A:$Z,9,FALSE)+SUM(_xlfn.XLOOKUP(L2:Z2,增益属性!$A:$A,增益属性!$G:$G))} -> 0 | AI2: {=VLOOKUP(K2,技能属性!$A:$Z,10,FALSE)+SUM(_xlfn.XLOOKUP(L2:Z2,增益属性!$A:$A,增益属性!$H:$H))} -> 0.05 | AJ2: {=VLOOKUP(K2,技能属性!$A:$Z,11,FALSE)+SUM(_xlfn.XLOOKUP(L2:Z2,增益属性!$A:$A,增益属性!$I:$I))} -> 0 | AK2: {=VLOOKUP(K2,技能属性!$A:$Z,12,FALSE)+SUM(_xlfn.XLOOKUP(L2:Z2,增益属性!$A:$A,增益属性!$J:$J))} -> 0 | AL2: {=VLOOKUP(K2,技能属性!$A:$Z,13,FALSE)+SUM(_xlfn.XLOOKUP(L2:Z2,增益属性!$A:$A,增益属性!$K:$K))} -> 0 | AM2: {=VLOOKUP(K2,技能属性!$A:$Z,14,FALSE)+SUM(_xlfn.XLOOKUP(L2:Z2,增益属性!$A:$A,增益属性!$L:$L))} -> 0 | AN2: {=VLOOKUP(K2,技能属性!$A:$Z,15,FALSE)+SUM(_xlfn.XLOOKUP(L2:Z2,增益属性!$A:$A,增益属性!$M:$M))} -> 0.22704082
A3: 武器 | B3: 力量 | C3: =(VLOOKUP($A$2,干员属性!$A:$AG,3,FALSE)+IF(B3=B2,VLOOKUP($A$4,武器属性!$A:$AB,3,FALSE),0)+IF(B3=C2,VLOOKUP($A$4,武器属性!$A:$AB,4,FALSE),0)+VLOOKUP($A$4,武器属性!$A:$AB,5,FALSE)+VLOOKUP($A$6,护甲属性!$A:$Z,3,FALSE)+VLOOKUP($A$8,护手属性!$A:$Z,3,FALSE)+VLOOKUP($A$10,配件属性!$A:$Z,3,FALSE)+VLOOKUP($A$12,配件属性!$A:$Z,3,FALSE)+VLOOKUP($A$14,套装属性!$A:$Z,3,FALSE)+VLOOKUP($A$16,食物属性!$A:$Z,3,FALSE))*(1+(IF(B2="力量",C24,0)+IF(C2="力量",C25,0))) -> 680.46 | G3: =AA3*AC3*(1+AF3)*(1+AG3)*(1+AH3)*(1+AI3)*(1+AJ3)*(1+AK3)*(1-$D$2+AL3)*(1+AM3)*(1+AN3)*0.5*AE3*J3 -> 24576.665 | H3: =AA3*AC3*(1+AF3)*(1+AG3)*(1+AH3)*(1+AI3)*(1+AJ3)*(1+AK3)*(1-$D$2+AL3)*(1+AM3)*(1+AN3)*0.5*J3 -> 16384.443 | I3: =AA3*AC3*(1+AF3)*(1+AG3)*(1+AH3)*(1+AI3)*(1+AJ3)*(1+AK3)*(1-$D$2+AL3)*(1+AM3)*(1+AN3)*0.5*(AE3*AD3+(1-AD3))*J3 -> 17695.199 | J3: 1 | K3: 弭弗战技二(0-4潜) | L3: 旧锋3层翻倍 | M3: 弭弗连携脆弱0潜 | N3: 弭弗专武+强度0潜 | O3: 弭弗专武+物伤3层0潜 | P3: N/a | Q3: N/a | R3: N/a | S3: N/a | T3: N/a | U3: N/a | V3: N/a | W3: N/a | X3: N/a | Y3: N/a | Z3: N/a | AA3: =VLOOKUP(K3,技能属性!$A:$AB,2,FALSE) -> 2 | AB3: {=$C$8+SUM(_xlfn.XLOOKUP(L3:Z3,增益属性!$A:$A,增益属性!$N:$N,0))} -> 0.47 | AC3: {=($C$7*(1+AB3)+$C$27)*(1+(INT((VLOOKUP(VLOOKUP($A$2,干员属性!$A:$AB,24,FALSE),$B$3:$C$6,2,FALSE)/(1+$C$24)*(1+$C$24+SUM(_xlfn.XLOOKUP(L3:Z3,增益属性!$A:$A,增益属性!$O:$O,0)))))*0.5+INT(VLOOKUP(VLOOKUP($A$2,干员属性!$A:$AB,25,FALSE),$B$3:$C$6,2,FALSE)*(1+SUM(_xlfn.XLOOKUP(L3:Z3,增益属性!$A:$A,增益属性!$O:$O,0))))*0.2+(INT(IFERROR(VLOOKUP(VLOOKUP($A$2,干员属性!$A:$AB,26,FALSE),$B$3:$C$6,2,FALSE),0)/(1+$C$25)*(1+$C$25+SUM(_xlfn.XLOOKUP(L3:Z3,增益属性!$A:$A,增益属性!$O:$O,0))))+INT(IFERROR(VLOOKUP(VLOOKUP($A$2,干员属性!$A:$AB,27,FALSE),$B$3:$C$6,2,FALSE),0)*(1+SUM(_xlfn.XLOOKUP(L3:Z3,增益属性!$A:$A,增益属性!$O:$O,0)))))*VLOOKUP($A$2,干员属性!$A:$AB,28,FALSE))/100)} -> 6896.898 | AD3: {=$C$10+VLOOKUP(K3,技能属性!$A:$Z,3,FALSE)+SUM(_xlfn.XLOOKUP(L3:Z3,增益属性!$A:$A,增益属性!$B:$B))} -> 0.16 | AE3: {=$C$11+VLOOKUP(K3,技能属性!$A:$AB,4,FALSE)+SUM(_xlfn.XLOOKUP(L3:Z3,增益属性!$A:$A,增益属性!$C:$C))} -> 1.5 | AF3: {=VLOOKUP(VLOOKUP(K3,技能属性!$A:$Z,5,FALSE),$B$14:$C$18,2,FALSE)+SUM(_xlfn.XLOOKUP(L3:Z3,增益属性!$A:$A,增益属性!$D:$D))+SUM(_xlfn.XLOOKUP(L3:Z3,增益属性!$A:$A,增益属性!$E:$E))+IF(VLOOKUP(K3,技能属性!$A:$Z,6,FALSE)="无",0,VLOOKUP(VLOOKUP(K3,技能属性!$A:$Z,6,FALSE),$B$20:$C$23,2,FALSE))+IF(VLOOKUP(K3,技能属性!$A:$Z,7,FALSE)=0,0,$C$19)} -> 1.2625 | AG3: {=IF(VLOOKUP(K3,技能属性!$A:$Z,8,FALSE)=0,0,$C$12+SUM(_xlfn.XLOOKUP(L3:Z3,增益属性!$A:$A,增益属性!$F:$F)))} -> 0 | AH3: {=VLOOKUP(K3,技能属性!$A:$Z,9,FALSE)+SUM(_xlfn.XLOOKUP(L3:Z3,增益属性!$A:$A,增益属性!$G:$G))} -> 0 | AI3: {=VLOOKUP(K3,技能属性!$A:$Z,10,FALSE)+SUM(_xlfn.XLOOKUP(L3:Z3,增益属性!$A:$A,增益属性!$H:$H))} -> 0.05 | AJ3: {=VLOOKUP(K3,技能属性!$A:$Z,11,FALSE)+SUM(_xlfn.XLOOKUP(L3:Z3,增益属性!$A:$A,增益属性!$I:$I))} -> 0 | AK3: {=VLOOKUP(K3,技能属性!$A:$Z,12,FALSE)+SUM(_xlfn.XLOOKUP(L3:Z3,增益属性!$A:$A,增益属性!$J:$J))} -> 0 | AL3: {=VLOOKUP(K3,技能属性!$A:$Z,13,FALSE)+SUM(_xlfn.XLOOKUP(L3:Z3,增益属性!$A:$A,增益属性!$K:$K))} -> 0 | AM3: {=VLOOKUP(K3,技能属性!$A:$Z,14,FALSE)+SUM(_xlfn.XLOOKUP(L3:Z3,增益属性!$A:$A,增益属性!$L:$L))} -> 0 | AN3: {=VLOOKUP(K3,技能属性!$A:$Z,15,FALSE)+SUM(_xlfn.XLOOKUP(L3:Z3,增益属性!$A:$A,增益属性!$M:$M))} -> 0
A4: 赤缨0潜 | B4: 敏捷 | C4: =(VLOOKUP($A$2,干员属性!$A:$AG,4,FALSE)+IF(B4=B2,VLOOKUP($A$4,武器属性!$A:$AB,3,FALSE),0)+IF(B4=C2,VLOOKUP($A$4,武器属性!$A:$AB,4,FALSE),0)+VLOOKUP($A$4,武器属性!$A:$AB,6,FALSE)+VLOOKUP($A$6,护甲属性!$A:$Z,4,FALSE)+VLOOKUP($A$8,护手属性!$A:$Z,4,FALSE)+VLOOKUP($A$10,配件属性!$A:$Z,4,FALSE)+VLOOKUP($A$12,配件属性!$A:$Z,4,FALSE)+VLOOKUP($A$14,套装属性!$A:$Z,4,FALSE)+VLOOKUP($A$16,食物属性!$A:$Z,4,FALSE))*(1+(IF(B2="敏捷",C24,0)+IF(C2="敏捷",C25,0))) -> 92.94 | D4: 轴长 | E4: 1 | G4: =AA4*AC4*(1+AF4)*(1+AG4)*(1+AH4)*(1+AI4)*(1+AJ4)*(1+AK4)*(1-$D$2+AL4)*(1+AM4)*(1+AN4)*0.5*AE4*J4 -> 218243.73 | H4: =AA4*AC4*(1+AF4)*(1+AG4)*(1+AH4)*(1+AI4)*(1+AJ4)*(1+AK4)*(1-$D$2+AL4)*(1+AM4)*(1+AN4)*0.5*J4 -> 145495.82 | I4: =AA4*AC4*(1+AF4)*(1+AG4)*(1+AH4)*(1+AI4)*(1+AJ4)*(1+AK4)*(1-$D$2+AL4)*(1+AM4)*(1+AN4)*0.5*(AE4*AD4+(1-AD4))*J4 -> 157135.49 | J4: 1 | K4: 弭弗战技三(0-4潜) | L4: 旧锋3层翻倍 | M4: 弭弗连携脆弱0潜 | N4: 弭弗专武+强度0潜 | O4: 弭弗专武+物伤3层0潜 | P4: N/a | Q4: N/a | R4: N/a | S4: N/a | T4: N/a | U4: N/a | V4: N/a | W4: N/a | X4: N/a | Y4: N/a | Z4: N/a | AA4: =VLOOKUP(K4,技能属性!$A:$AB,2,FALSE) -> 6 | AB4: {=$C$8+SUM(_xlfn.XLOOKUP(L4:Z4,增益属性!$A:$A,增益属性!$N:$N,0))} -> 0.47 | AC4: {=($C$7*(1+AB4)+$C$27)*(1+(INT((VLOOKUP(VLOOKUP($A$2,干员属性!$A:$AB,24,FALSE),$B$3:$C$6,2,FALSE)/(1+$C$24)*(1+$C$24+SUM(_xlfn.XLOOKUP(L4:Z4,增益属性!$A:$A,增益属性!$O:$O,0)))))*0.5+INT(VLOOKUP(VLOOKUP($A$2,干员属性!$A:$AB,25,FALSE),$B$3:$C$6,2,FALSE)*(1+SUM(_xlfn.XLOOKUP(L4:Z4,增益属性!$A:$A,增益属性!$O:$O,0))))*0.2+(INT(IFERROR(VLOOKUP(VLOOKUP($A$2,干员属性!$A:$AB,26,FALSE),$B$3:$C$6,2,FALSE),0)/(1+$C$25)*(1+$C$25+SUM(_xlfn.XLOOKUP(L4:Z4,增益属性!$A:$A,增益属性!$O:$O,0))))+INT(IFERROR(VLOOKUP(VLOOKUP($A$2,干员属性!$A:$AB,27,FALSE),$B$3:$C$6,2,FALSE),0)*(1+SUM(_xlfn.XLOOKUP(L4:Z4,增益属性!$A:$A,增益属性!$O:$O,0)))))*VLOOKUP($A$2,干员属性!$A:$AB,28,FALSE))/100)} -> 6896.898 | AD4: {=$C$10+VLOOKUP(K4,技能属性!$A:$Z,3,FALSE)+SUM(_xlfn.XLOOKUP(L4:Z4,增益属性!$A:$A,增益属性!$B:$B))} -> 0.16 | AE4: {=$C$11+VLOOKUP(K4,技能属性!$A:$AB,4,FALSE)+SUM(_xlfn.XLOOKUP(L4:Z4,增益属性!$A:$A,增益属性!$C:$C))} -> 1.5 | AF4: {=VLOOKUP(VLOOKUP(K4,技能属性!$A:$Z,5,FALSE),$B$14:$C$18,2,FALSE)+SUM(_xlfn.XLOOKUP(L4:Z4,增益属性!$A:$A,增益属性!$D:$D))+SUM(_xlfn.XLOOKUP(L4:Z4,增益属性!$A:$A,增益属性!$E:$E))+IF(VLOOKUP(K4,技能属性!$A:$Z,6,FALSE)="无",0,VLOOKUP(VLOOKUP(K4,技能属性!$A:$Z,6,FALSE),$B$20:$C$23,2,FALSE))+IF(VLOOKUP(K4,技能属性!$A:$Z,7,FALSE)=0,0,$C$19)} -> 1.2625 | AG4: {=IF(VLOOKUP(K4,技能属性!$A:$Z,8,FALSE)=0,0,$C$12+SUM(_xlfn.XLOOKUP(L4:Z4,增益属性!$A:$A,增益属性!$F:$F)))} -> 1.4667 | AH4: {=VLOOKUP(K4,技能属性!$A:$Z,9,FALSE)+SUM(_xlfn.XLOOKUP(L4:Z4,增益属性!$A:$A,增益属性!$G:$G))} -> 0 | AI4: {=VLOOKUP(K4,技能属性!$A:$Z,10,FALSE)+SUM(_xlfn.XLOOKUP(L4:Z4,增益属性!$A:$A,增益属性!$H:$H))} -> 0.05 | AJ4: {=VLOOKUP(K4,技能属性!$A:$Z,11,FALSE)+SUM(_xlfn.XLOOKUP(L4:Z4,增益属性!$A:$A,增益属性!$I:$I))} -> 0 | AK4: {=VLOOKUP(K4,技能属性!$A:$Z,12,FALSE)+SUM(_xlfn.XLOOKUP(L4:Z4,增益属性!$A:$A,增益属性!$J:$J))} -> 0 | AL4: {=VLOOKUP(K4,技能属性!$A:$Z,13,FALSE)+SUM(_xlfn.XLOOKUP(L4:Z4,增益属性!$A:$A,增益属性!$K:$K))} -> 0 | AM4: {=VLOOKUP(K4,技能属性!$A:$Z,14,FALSE)+SUM(_xlfn.XLOOKUP(L4:Z4,增益属性!$A:$A,增益属性!$L:$L))} -> 0 | AN4: {=VLOOKUP(K4,技能属性!$A:$Z,15,FALSE)+SUM(_xlfn.XLOOKUP(L4:Z4,增益属性!$A:$A,增益属性!$M:$M))} -> 0.2
A5: 护甲 | B5: 智识 | C5: =(VLOOKUP($A$2,干员属性!$A:$AG,5,FALSE)+IF(B5=B2,VLOOKUP($A$4,武器属性!$A:$AB,3,FALSE),0)+IF(B5=C2,VLOOKUP($A$4,武器属性!$A:$AB,4,FALSE),0)+VLOOKUP($A$4,武器属性!$A:$AB,7,FALSE)+VLOOKUP($A$6,护甲属性!$A:$Z,5,FALSE)+VLOOKUP($A$8,护手属性!$A:$Z,5,FALSE)+VLOOKUP($A$10,配件属性!$A:$Z,5,FALSE)+VLOOKUP($A$12,配件属性!$A:$Z,5,FALSE)+VLOOKUP($A$14,套装属性!$A:$Z,5,FALSE)+VLOOKUP($A$16,食物属性!$A:$Z,5,FALSE))*(1+(IF(B2="智识",C24,0)+IF(C2="智识",C25,0))) -> 90.9 | G5: =AA5*AC5*(1+AF5)*(1+AG5)*(1+AH5)*(1+AI5)*(1+AJ5)*(1+AK5)*(1-$D$2+AL5)*(1+AM5)*(1+AN5)*0.5*AE5*J5 -> 0 | H5: =AA5*AC5*(1+AF5)*(1+AG5)*(1+AH5)*(1+AI5)*(1+AJ5)*(1+AK5)*(1-$D$2+AL5)*(1+AM5)*(1+AN5)*0.5*J5 -> 0 | I5: =AA5*AC5*(1+AF5)*(1+AG5)*(1+AH5)*(1+AI5)*(1+AJ5)*(1+AK5)*(1-$D$2+AL5)*(1+AM5)*(1+AN5)*0.5*(AE5*AD5+(1-AD5))*J5 -> 0 | J5: 1 | K5: N/a | L5: N/a | M5: N/a | N5: N/a | O5: N/a | P5: N/a | Q5: N/a | R5: N/a | S5: N/a | T5: N/a | U5: N/a | V5: N/a | W5: N/a | X5: N/a | Y5: N/a | Z5: N/a | AA5: =VLOOKUP(K5,技能属性!$A:$AB,2,FALSE) -> 0 | AB5: {=$C$8+SUM(_xlfn.XLOOKUP(L5:Z5,增益属性!$A:$A,增益属性!$N:$N,0))} -> 0.47 | AC5: {=($C$7*(1+AB5)+$C$27)*(1+(INT((VLOOKUP(VLOOKUP($A$2,干员属性!$A:$AB,24,FALSE),$B$3:$C$6,2,FALSE)/(1+$C$24)*(1+$C$24+SUM(_xlfn.XLOOKUP(L5:Z5,增益属性!$A:$A,增益属性!$O:$O,0)))))*0.5+INT(VLOOKUP(VLOOKUP($A$2,干员属性!$A:$AB,25,FALSE),$B$3:$C$6,2,FALSE)*(1+SUM(_xlfn.XLOOKUP(L5:Z5,增益属性!$A:$A,增益属性!$O:$O,0))))*0.2+(INT(IFERROR(VLOOKUP(VLOOKUP($A$2,干员属性!$A:$AB,26,FALSE),$B$3:$C$6,2,FALSE),0)/(1+$C$25)*(1+$C$25+SUM(_xlfn.XLOOKUP(L5:Z5,增益属性!$A:$A,增益属性!$O:$O,0))))+INT(IFERROR(VLOOKUP(VLOOKUP($A$2,干员属性!$A:$AB,27,FALSE),$B$3:$C$6,2,FALSE),0)*(1+SUM(_xlfn.XLOOKUP(L5:Z5,增益属性!$A:$A,增益属性!$O:$O,0)))))*VLOOKUP($A$2,干员属性!$A:$AB,28,FALSE))/100)} -> 6896.898 | AD5: {=$C$10+VLOOKUP(K5,技能属性!$A:$Z,3,FALSE)+SUM(_xlfn.XLOOKUP(L5:Z5,增益属性!$A:$A,增益属性!$B:$B))} -> 0.16 | AE5: {=$C$11+VLOOKUP(K5,技能属性!$A:$AB,4,FALSE)+SUM(_xlfn.XLOOKUP(L5:Z5,增益属性!$A:$A,增益属性!$C:$C))} -> 1.5 | AF5: {=VLOOKUP(VLOOKUP(K5,技能属性!$A:$Z,5,FALSE),$B$14:$C$18,2,FALSE)+SUM(_xlfn.XLOOKUP(L5:Z5,增益属性!$A:$A,增益属性!$D:$D))+SUM(_xlfn.XLOOKUP(L5:Z5,增益属性!$A:$A,增益属性!$E:$E))+IF(VLOOKUP(K5,技能属性!$A:$Z,6,FALSE)="无",0,VLOOKUP(VLOOKUP(K5,技能属性!$A:$Z,6,FALSE),$B$20:$C$23,2,FALSE))+IF(VLOOKUP(K5,技能属性!$A:$Z,7,FALSE)=0,0,$C$19)} -> 0.7045 | AG5: {=IF(VLOOKUP(K5,技能属性!$A:$Z,8,FALSE)=0,0,$C$12+SUM(_xlfn.XLOOKUP(L5:Z5,增益属性!$A:$A,增益属性!$F:$F)))} -> 0 | AH5: {=VLOOKUP(K5,技能属性!$A:$Z,9,FALSE)+SUM(_xlfn.XLOOKUP(L5:Z5,增益属性!$A:$A,增益属性!$G:$G))} -> 0 | AI5: {=VLOOKUP(K5,技能属性!$A:$Z,10,FALSE)+SUM(_xlfn.XLOOKUP(L5:Z5,增益属性!$A:$A,增益属性!$H:$H))} -> 0 | AJ5: {=VLOOKUP(K5,技能属性!$A:$Z,11,FALSE)+SUM(_xlfn.XLOOKUP(L5:Z5,增益属性!$A:$A,增益属性!$I:$I))} -> 0 | AK5: {=VLOOKUP(K5,技能属性!$A:$Z,12,FALSE)+SUM(_xlfn.XLOOKUP(L5:Z5,增益属性!$A:$A,增益属性!$J:$J))} -> 0 | AL5: {=VLOOKUP(K5,技能属性!$A:$Z,13,FALSE)+SUM(_xlfn.XLOOKUP(L5:Z5,增益属性!$A:$A,增益属性!$K:$K))} -> 0 | AM5: {=VLOOKUP(K5,技能属性!$A:$Z,14,FALSE)+SUM(_xlfn.XLOOKUP(L5:Z5,增益属性!$A:$A,增益属性!$L:$L))} -> 0 | AN5: {=VLOOKUP(K5,技能属性!$A:$Z,15,FALSE)+SUM(_xlfn.XLOOKUP(L5:Z5,增益属性!$A:$A,增益属性!$M:$M))} -> 0
A6: 旧锋装甲3锻 | B6: 意志 | C6: =(VLOOKUP($A$2,干员属性!$A:$AG,6,FALSE)+IF(B6=B2,VLOOKUP($A$4,武器属性!$A:$AB,3,FALSE),0)+IF(B6=C2,VLOOKUP($A$4,武器属性!$A:$AB,4,FALSE),0)+VLOOKUP($A$4,武器属性!$A:$AB,8,FALSE)+VLOOKUP($A$6,护甲属性!$A:$Z,6,FALSE)+VLOOKUP($A$8,护手属性!$A:$Z,6,FALSE)+VLOOKUP($A$10,配件属性!$A:$Z,6,FALSE)+VLOOKUP($A$12,配件属性!$A:$Z,6,FALSE)+VLOOKUP($A$14,套装属性!$A:$Z,6,FALSE)+VLOOKUP($A$16,食物属性!$A:$Z,6,FALSE))*(1+(IF(B2="意志",C24,0)+IF(C2="意志",C25,0))) -> 276.25 | D6: 总伤 | E6: =SUM(I2:I1000) -> 432586.9 | G6: =AA6*AC6*(1+AF6)*(1+AG6)*(1+AH6)*(1+AI6)*(1+AJ6)*(1+AK6)*(1-$D$2+AL6)*(1+AM6)*(1+AN6)*0.5*AE6*J6 -> 30720.831 | H6: =AA6*AC6*(1+AF6)*(1+AG6)*(1+AH6)*(1+AI6)*(1+AJ6)*(1+AK6)*(1-$D$2+AL6)*(1+AM6)*(1+AN6)*0.5*J6 -> 20480.554 | I6: =AA6*AC6*(1+AF6)*(1+AG6)*(1+AH6)*(1+AI6)*(1+AJ6)*(1+AK6)*(1-$D$2+AL6)*(1+AM6)*(1+AN6)*0.5*(AE6*AD6+(1-AD6))*J6 -> 22118.998 | J6: 1 | K6: 弭弗连携 | L6: 旧锋3层翻倍 | M6: 弭弗连携脆弱0潜 | N6: 弭弗专武+强度0潜 | O6: 弭弗专武+物伤3层0潜 | P6: N/a | Q6: N/a | R6: N/a | S6: N/a | T6: N/a | U6: N/a | V6: N/a | W6: N/a | X6: N/a | Y6: N/a | Z6: N/a | AA6: =VLOOKUP(K6,技能属性!$A:$AB,2,FALSE) -> 2.5 | AB6: {=$C$8+SUM(_xlfn.XLOOKUP(L6:Z6,增益属性!$A:$A,增益属性!$N:$N,0))} -> 0.47 | AC6: {=($C$7*(1+AB6)+$C$27)*(1+(INT((VLOOKUP(VLOOKUP($A$2,干员属性!$A:$AB,24,FALSE),$B$3:$C$6,2,FALSE)/(1+$C$24)*(1+$C$24+SUM(_xlfn.XLOOKUP(L6:Z6,增益属性!$A:$A,增益属性!$O:$O,0)))))*0.5+INT(VLOOKUP(VLOOKUP($A$2,干员属性!$A:$AB,25,FALSE),$B$3:$C$6,2,FALSE)*(1+SUM(_xlfn.XLOOKUP(L6:Z6,增益属性!$A:$A,增益属性!$O:$O,0))))*0.2+(INT(IFERROR(VLOOKUP(VLOOKUP($A$2,干员属性!$A:$AB,26,FALSE),$B$3:$C$6,2,FALSE),0)/(1+$C$25)*(1+$C$25+SUM(_xlfn.XLOOKUP(L6:Z6,增益属性!$A:$A,增益属性!$O:$O,0))))+INT(IFERROR(VLOOKUP(VLOOKUP($A$2,干员属性!$A:$AB,27,FALSE),$B$3:$C$6,2,FALSE),0)*(1+SUM(_xlfn.XLOOKUP(L6:Z6,增益属性!$A:$A,增益属性!$O:$O,0)))))*VLOOKUP($A$2,干员属性!$A:$AB,28,FALSE))/100)} -> 6896.898 | AD6: {=$C$10+VLOOKUP(K6,技能属性!$A:$Z,3,FALSE)+SUM(_xlfn.XLOOKUP(L6:Z6,增益属性!$A:$A,增益属性!$B:$B))} -> 0.16 | AE6: {=$C$11+VLOOKUP(K6,技能属性!$A:$AB,4,FALSE)+SUM(_xlfn.XLOOKUP(L6:Z6,增益属性!$A:$A,增益属性!$C:$C))} -> 1.5 | AF6: {=VLOOKUP(VLOOKUP(K6,技能属性!$A:$Z,5,FALSE),$B$14:$C$18,2,FALSE)+SUM(_xlfn.XLOOKUP(L6:Z6,增益属性!$A:$A,增益属性!$D:$D))+SUM(_xlfn.XLOOKUP(L6:Z6,增益属性!$A:$A,增益属性!$E:$E))+IF(VLOOKUP(K6,技能属性!$A:$Z,6,FALSE)="无",0,VLOOKUP(VLOOKUP(K6,技能属性!$A:$Z,6,FALSE),$B$20:$C$23,2,FALSE))+IF(VLOOKUP(K6,技能属性!$A:$Z,7,FALSE)=0,0,$C$19)} -> 1.2625 | AG6: {=IF(VLOOKUP(K6,技能属性!$A:$Z,8,FALSE)=0,0,$C$12+SUM(_xlfn.XLOOKUP(L6:Z6,增益属性!$A:$A,增益属性!$F:$F)))} -> 0 | AH6: {=VLOOKUP(K6,技能属性!$A:$Z,9,FALSE)+SUM(_xlfn.XLOOKUP(L6:Z6,增益属性!$A:$A,增益属性!$G:$G))} -> 0 | AI6: {=VLOOKUP(K6,技能属性!$A:$Z,10,FALSE)+SUM(_xlfn.XLOOKUP(L6:Z6,增益属性!$A:$A,增益属性!$H:$H))} -> 0.05 | AJ6: {=VLOOKUP(K6,技能属性!$A:$Z,11,FALSE)+SUM(_xlfn.XLOOKUP(L6:Z6,增益属性!$A:$A,增益属性!$I:$I))} -> 0 | AK6: {=VLOOKUP(K6,技能属性!$A:$Z,12,FALSE)+SUM(_xlfn.XLOOKUP(L6:Z6,增益属性!$A:$A,增益属性!$J:$J))} -> 0 | AL6: {=VLOOKUP(K6,技能属性!$A:$Z,13,FALSE)+SUM(_xlfn.XLOOKUP(L6:Z6,增益属性!$A:$A,增益属性!$K:$K))} -> 0 | AM6: {=VLOOKUP(K6,技能属性!$A:$Z,14,FALSE)+SUM(_xlfn.XLOOKUP(L6:Z6,增益属性!$A:$A,增益属性!$L:$L))} -> 0 | AN6: {=VLOOKUP(K6,技能属性!$A:$Z,15,FALSE)+SUM(_xlfn.XLOOKUP(L6:Z6,增益属性!$A:$A,增益属性!$M:$M))} -> 0
A7: 护手 | B7: 基础攻击 | C7: =VLOOKUP($A$2,干员属性!$A:$AG,2,FALSE)+VLOOKUP($A$4,武器属性!$A:$AB,2,FALSE)+VLOOKUP($A$6,护甲属性!$A:$Z,2,FALSE)+VLOOKUP($A$8,护手属性!$A:$Z,2,FALSE)+VLOOKUP($A$10,配件属性!$A:$Z,2,FALSE)+VLOOKUP($A$12,配件属性!$A:$Z,2,FALSE)+VLOOKUP($A$14,套装属性!$A:$Z,2,FALSE) -> 825 | G7: =AA7*AC7*(1+AF7)*(1+AG7)*(1+AH7)*(1+AI7)*(1+AJ7)*(1+AK7)*(1-$D$2+AL7)*(1+AM7)*(1+AN7)*0.5*AE7*J7 -> 86018.327 | H7: =AA7*AC7*(1+AF7)*(1+AG7)*(1+AH7)*(1+AI7)*(1+AJ7)*(1+AK7)*(1-$D$2+AL7)*(1+AM7)*(1+AN7)*0.5*J7 -> 57345.552 | I7: =AA7*AC7*(1+AF7)*(1+AG7)*(1+AH7)*(1+AI7)*(1+AJ7)*(1+AK7)*(1-$D$2+AL7)*(1+AM7)*(1+AN7)*0.5*(AE7*AD7+(1-AD7))*J7 -> 61933.196 | J7: 1 | K7: 弭弗大招 | L7: 旧锋3层翻倍 | M7: 弭弗连携脆弱0潜 | N7: 弭弗专武+强度0潜 | O7: 弭弗专武+物伤3层0潜 | P7: N/a | Q7: N/a | R7: N/a | S7: N/a | T7: N/a | U7: N/a | V7: N/a | W7: N/a | X7: N/a | Y7: N/a | Z7: N/a | AA7: =VLOOKUP(K7,技能属性!$A:$AB,2,FALSE) -> 7 | AB7: {=$C$8+SUM(_xlfn.XLOOKUP(L7:Z7,增益属性!$A:$A,增益属性!$N:$N,0))} -> 0.47 | AC7: {=($C$7*(1+AB7)+$C$27)*(1+(INT((VLOOKUP(VLOOKUP($A$2,干员属性!$A:$AB,24,FALSE),$B$3:$C$6,2,FALSE)/(1+$C$24)*(1+$C$24+SUM(_xlfn.XLOOKUP(L7:Z7,增益属性!$A:$A,增益属性!$O:$O,0)))))*0.5+INT(VLOOKUP(VLOOKUP($A$2,干员属性!$A:$AB,25,FALSE),$B$3:$C$6,2,FALSE)*(1+SUM(_xlfn.XLOOKUP(L7:Z7,增益属性!$A:$A,增益属性!$O:$O,0))))*0.2+(INT(IFERROR(VLOOKUP(VLOOKUP($A$2,干员属性!$A:$AB,26,FALSE),$B$3:$C$6,2,FALSE),0)/(1+$C$25)*(1+$C$25+SUM(_xlfn.XLOOKUP(L7:Z7,增益属性!$A:$A,增益属性!$O:$O,0))))+INT(IFERROR(VLOOKUP(VLOOKUP($A$2,干员属性!$A:$AB,27,FALSE),$B$3:$C$6,2,FALSE),0)*(1+SUM(_xlfn.XLOOKUP(L7:Z7,增益属性!$A:$A,增益属性!$O:$O,0)))))*VLOOKUP($A$2,干员属性!$A:$AB,28,FALSE))/100)} -> 6896.898 | AD7: {=$C$10+VLOOKUP(K7,技能属性!$A:$Z,3,FALSE)+SUM(_xlfn.XLOOKUP(L7:Z7,增益属性!$A:$A,增益属性!$B:$B))} -> 0.16 | AE7: {=$C$11+VLOOKUP(K7,技能属性!$A:$AB,4,FALSE)+SUM(_xlfn.XLOOKUP(L7:Z7,增益属性!$A:$A,增益属性!$C:$C))} -> 1.5 | AF7: {=VLOOKUP(VLOOKUP(K7,技能属性!$A:$Z,5,FALSE),$B$14:$C$18,2,FALSE)+SUM(_xlfn.XLOOKUP(L7:Z7,增益属性!$A:$A,增益属性!$D:$D))+SUM(_xlfn.XLOOKUP(L7:Z7,增益属性!$A:$A,增益属性!$E:$E))+IF(VLOOKUP(K7,技能属性!$A:$Z,6,FALSE)="无",0,VLOOKUP(VLOOKUP(K7,技能属性!$A:$Z,6,FALSE),$B$20:$C$23,2,FALSE))+IF(VLOOKUP(K7,技能属性!$A:$Z,7,FALSE)=0,0,$C$19)} -> 1.2625 | AG7: {=IF(VLOOKUP(K7,技能属性!$A:$Z,8,FALSE)=0,0,$C$12+SUM(_xlfn.XLOOKUP(L7:Z7,增益属性!$A:$A,增益属性!$F:$F)))} -> 0 | AH7: {=VLOOKUP(K7,技能属性!$A:$Z,9,FALSE)+SUM(_xlfn.XLOOKUP(L7:Z7,增益属性!$A:$A,增益属性!$G:$G))} -> 0 | AI7: {=VLOOKUP(K7,技能属性!$A:$Z,10,FALSE)+SUM(_xlfn.XLOOKUP(L7:Z7,增益属性!$A:$A,增益属性!$H:$H))} -> 0.05 | AJ7: {=VLOOKUP(K7,技能属性!$A:$Z,11,FALSE)+SUM(_xlfn.XLOOKUP(L7:Z7,增益属性!$A:$A,增益属性!$I:$I))} -> 0 | AK7: {=VLOOKUP(K7,技能属性!$A:$Z,12,FALSE)+SUM(_xlfn.XLOOKUP(L7:Z7,增益属性!$A:$A,增益属性!$J:$J))} -> 0 | AL7: {=VLOOKUP(K7,技能属性!$A:$Z,13,FALSE)+SUM(_xlfn.XLOOKUP(L7:Z7,增益属性!$A:$A,增益属性!$K:$K))} -> 0 | AM7: {=VLOOKUP(K7,技能属性!$A:$Z,14,FALSE)+SUM(_xlfn.XLOOKUP(L7:Z7,增益属性!$A:$A,增益属性!$L:$L))} -> 0 | AN7: {=VLOOKUP(K7,技能属性!$A:$Z,15,FALSE)+SUM(_xlfn.XLOOKUP(L7:Z7,增益属性!$A:$A,增益属性!$M:$M))} -> 0
A8: 旧锋手甲3锻 | B8: 攻击力加成 | C8: =VLOOKUP($A$2,干员属性!$A:$AG,21,FALSE)+VLOOKUP($A$4,武器属性!$A:$AB,23,FALSE)+VLOOKUP($A$6,护甲属性!$A:$Z,21,FALSE)+VLOOKUP($A$8,护手属性!$A:$Z,21,FALSE)+VLOOKUP($A$10,配件属性!$A:$Z,21,FALSE)+VLOOKUP($A$12,配件属性!$A:$Z,21,FALSE)+VLOOKUP($A$14,套装属性!$A:$Z,21,FALSE)+VLOOKUP($A$16,食物属性!$A:$Z,21,FALSE) -> 0.47 | G8: =AA8*AC8*(1+AF8)*(1+AG8)*(1+AH8)*(1+AI8)*(1+AJ8)*(1+AK8)*(1-$D$2+AL8)*(1+AM8)*(1+AN8)*0.5*AE8*J8 -> 18093.943 | H8: =AA8*AC8*(1+AF8)*(1+AG8)*(1+AH8)*(1+AI8)*(1+AJ8)*(1+AK8)*(1-$D$2+AL8)*(1+AM8)*(1+AN8)*0.5*J8 -> 12062.628 | I8: =AA8*AC8*(1+AF8)*(1+AG8)*(1+AH8)*(1+AI8)*(1+AJ8)*(1+AK8)*(1-$D$2+AL8)*(1+AM8)*(1+AN8)*0.5*(AE8*AD8+(1-AD8))*J8 -> 13027.639 | J8: 1 | K8: 倒地/击飞 | L8: 旧锋3层翻倍 | M8: 弭弗连携脆弱0潜 | N8: 弭弗专武+强度0潜 | O8: 弭弗专武+物伤3层0潜 | P8: N/a | Q8: N/a | R8: N/a | S8: N/a | T8: N/a | U8: N/a | V8: N/a | W8: N/a | X8: N/a | Y8: N/a | Z8: N/a | AA8: =VLOOKUP(K8,技能属性!$A:$AB,2,FALSE) -> 1.2 | AB8: {=$C$8+SUM(_xlfn.XLOOKUP(L8:Z8,增益属性!$A:$A,增益属性!$N:$N,0))} -> 0.47 | AC8: {=($C$7*(1+AB8)+$C$27)*(1+(INT((VLOOKUP(VLOOKUP($A$2,干员属性!$A:$AB,24,FALSE),$B$3:$C$6,2,FALSE)/(1+$C$24)*(1+$C$24+SUM(_xlfn.XLOOKUP(L8:Z8,增益属性!$A:$A,增益属性!$O:$O,0)))))*0.5+INT(VLOOKUP(VLOOKUP($A$2,干员属性!$A:$AB,25,FALSE),$B$3:$C$6,2,FALSE)*(1+SUM(_xlfn.XLOOKUP(L8:Z8,增益属性!$A:$A,增益属性!$O:$O,0))))*0.2+(INT(IFERROR(VLOOKUP(VLOOKUP($A$2,干员属性!$A:$AB,26,FALSE),$B$3:$C$6,2,FALSE),0)/(1+$C$25)*(1+$C$25+SUM(_xlfn.XLOOKUP(L8:Z8,增益属性!$A:$A,增益属性!$O:$O,0))))+INT(IFERROR(VLOOKUP(VLOOKUP($A$2,干员属性!$A:$AB,27,FALSE),$B$3:$C$6,2,FALSE),0)*(1+SUM(_xlfn.XLOOKUP(L8:Z8,增益属性!$A:$A,增益属性!$O:$O,0)))))*VLOOKUP($A$2,干员属性!$A:$AB,28,FALSE))/100)} -> 6896.898 | AD8: {=$C$10+VLOOKUP(K8,技能属性!$A:$Z,3,FALSE)+SUM(_xlfn.XLOOKUP(L8:Z8,增益属性!$A:$A,增益属性!$B:$B))} -> 0.16 | AE8: {=$C$11+VLOOKUP(K8,技能属性!$A:$AB,4,FALSE)+SUM(_xlfn.XLOOKUP(L8:Z8,增益属性!$A:$A,增益属性!$C:$C))} -> 1.5 | AF8: {=VLOOKUP(VLOOKUP(K8,技能属性!$A:$Z,5,FALSE),$B$14:$C$18,2,FALSE)+SUM(_xlfn.XLOOKUP(L8:Z8,增益属性!$A:$A,增益属性!$D:$D))+SUM(_xlfn.XLOOKUP(L8:Z8,增益属性!$A:$A,增益属性!$E:$E))+IF(VLOOKUP(K8,技能属性!$A:$Z,6,FALSE)="无",0,VLOOKUP(VLOOKUP(K8,技能属性!$A:$Z,6,FALSE),$B$20:$C$23,2,FALSE))+IF(VLOOKUP(K8,技能属性!$A:$Z,7,FALSE)=0,0,$C$19)} -> 1.2625 | AG8: {=IF(VLOOKUP(K8,技能属性!$A:$Z,8,FALSE)=0,0,$C$12+SUM(_xlfn.XLOOKUP(L8:Z8,增益属性!$A:$A,增益属性!$F:$F)))} -> 0 | AH8: {=VLOOKUP(K8,技能属性!$A:$Z,9,FALSE)+SUM(_xlfn.XLOOKUP(L8:Z8,增益属性!$A:$A,增益属性!$G:$G))} -> 0 | AI8: {=VLOOKUP(K8,技能属性!$A:$Z,10,FALSE)+SUM(_xlfn.XLOOKUP(L8:Z8,增益属性!$A:$A,增益属性!$H:$H))} -> 0.05 | AJ8: {=VLOOKUP(K8,技能属性!$A:$Z,11,FALSE)+SUM(_xlfn.XLOOKUP(L8:Z8,增益属性!$A:$A,增益属性!$I:$I))} -> 0 | AK8: {=VLOOKUP(K8,技能属性!$A:$Z,12,FALSE)+SUM(_xlfn.XLOOKUP(L8:Z8,增益属性!$A:$A,增益属性!$J:$J))} -> 0 | AL8: {=VLOOKUP(K8,技能属性!$A:$Z,13,FALSE)+SUM(_xlfn.XLOOKUP(L8:Z8,增益属性!$A:$A,增益属性!$K:$K))} -> 0 | AM8: {=VLOOKUP(K8,技能属性!$A:$Z,14,FALSE)+SUM(_xlfn.XLOOKUP(L8:Z8,增益属性!$A:$A,增益属性!$L:$L))} -> 0 | AN8: {=VLOOKUP(K8,技能属性!$A:$Z,15,FALSE)+SUM(_xlfn.XLOOKUP(L8:Z8,增益属性!$A:$A,增益属性!$M:$M))} -> 0.22704082
A9: 配件一 | B9: 能力值加成 | C9: =(INT(VLOOKUP(VLOOKUP($A$2,干员属性!$A:$AB,24,FALSE),$B$3:$C$6,2,FALSE))*0.5+INT(VLOOKUP(VLOOKUP($A$2,干员属性!$A:$AB,25,FALSE),$B$3:$C$6,2,FALSE))*0.2+(IFERROR(INT(VLOOKUP(VLOOKUP($A$2,干员属性!$A:$AB,26,FALSE),$B$3:$C$6,2,FALSE)),0)+IFERROR(INT(VLOOKUP(VLOOKUP($A$2,干员属性!$A:$AB,27,FALSE),$B$3:$C$6,2,FALSE)),0))*VLOOKUP($A$2,干员属性!$A:$AB,28,FALSE))/100 -> 3.952 | D9: DPS | E9: =E6/E4 -> 432586.9 | G9: =AA9*AC9*(1+AF9)*(1+AG9)*(1+AH9)*(1+AI9)*(1+AJ9)*(1+AK9)*(1-$D$2+AL9)*(1+AM9)*(1+AN9)*0.5*AE9*J9 -> 0 | H9: =AA9*AC9*(1+AF9)*(1+AG9)*(1+AH9)*(1+AI9)*(1+AJ9)*(1+AK9)*(1-$D$2+AL9)*(1+AM9)*(1+AN9)*0.5*J9 -> 0 | I9: =AA9*AC9*(1+AF9)*(1+AG9)*(1+AH9)*(1+AI9)*(1+AJ9)*(1+AK9)*(1-$D$2+AL9)*(1+AM9)*(1+AN9)*0.5*(AE9*AD9+(1-AD9))*J9 -> 0 | J9: 1 | K9: N/a | L9: N/a | M9: N/a | N9: N/a | O9: N/a | P9: N/a | Q9: N/a | R9: N/a | S9: N/a | T9: N/a | U9: N/a | V9: N/a | W9: N/a | X9: N/a | Y9: N/a | Z9: N/a | AA9: =VLOOKUP(K9,技能属性!$A:$AB,2,FALSE) -> 0 | AB9: {=$C$8+SUM(_xlfn.XLOOKUP(L9:Z9,增益属性!$A:$A,增益属性!$N:$N,0))} -> 0.47 | AC9: {=($C$7*(1+AB9)+$C$27)*(1+(INT((VLOOKUP(VLOOKUP($A$2,干员属性!$A:$AB,24,FALSE),$B$3:$C$6,2,FALSE)/(1+$C$24)*(1+$C$24+SUM(_xlfn.XLOOKUP(L9:Z9,增益属性!$A:$A,增益属性!$O:$O,0)))))*0.5+INT(VLOOKUP(VLOOKUP($A$2,干员属性!$A:$AB,25,FALSE),$B$3:$C$6,2,FALSE)*(1+SUM(_xlfn.XLOOKUP(L9:Z9,增益属性!$A:$A,增益属性!$O:$O,0))))*0.2+(INT(IFERROR(VLOOKUP(VLOOKUP($A$2,干员属性!$A:$AB,26,FALSE),$B$3:$C$6,2,FALSE),0)/(1+$C$25)*(1+$C$25+SUM(_xlfn.XLOOKUP(L9:Z9,增益属性!$A:$A,增益属性!$O:$O,0))))+INT(IFERROR(VLOOKUP(VLOOKUP($A$2,干员属性!$A:$AB,27,FALSE),$B$3:$C$6,2,FALSE),0)*(1+SUM(_xlfn.XLOOKUP(L9:Z9,增益属性!$A:$A,增益属性!$O:$O,0)))))*VLOOKUP($A$2,干员属性!$A:$AB,28,FALSE))/100)} -> 6896.898 | AD9: {=$C$10+VLOOKUP(K9,技能属性!$A:$Z,3,FALSE)+SUM(_xlfn.XLOOKUP(L9:Z9,增益属性!$A:$A,增益属性!$B:$B))} -> 0.16 | AE9: {=$C$11+VLOOKUP(K9,技能属性!$A:$AB,4,FALSE)+SUM(_xlfn.XLOOKUP(L9:Z9,增益属性!$A:$A,增益属性!$C:$C))} -> 1.5 | AF9: {=VLOOKUP(VLOOKUP(K9,技能属性!$A:$Z,5,FALSE),$B$14:$C$18,2,FALSE)+SUM(_xlfn.XLOOKUP(L9:Z9,增益属性!$A:$A,增益属性!$D:$D))+SUM(_xlfn.XLOOKUP(L9:Z9,增益属性!$A:$A,增益属性!$E:$E))+IF(VLOOKUP(K9,技能属性!$A:$Z,6,FALSE)="无",0,VLOOKUP(VLOOKUP(K9,技能属性!$A:$Z,6,FALSE),$B$20:$C$23,2,FALSE))+IF(VLOOKUP(K9,技能属性!$A:$Z,7,FALSE)=0,0,$C$19)} -> 0.7045 | AG9: {=IF(VLOOKUP(K9,技能属性!$A:$Z,8,FALSE)=0,0,$C$12+SUM(_xlfn.XLOOKUP(L9:Z9,增益属性!$A:$A,增益属性!$F:$F)))} -> 0 | AH9: {=VLOOKUP(K9,技能属性!$A:$Z,9,FALSE)+SUM(_xlfn.XLOOKUP(L9:Z9,增益属性!$A:$A,增益属性!$G:$G))} -> 0 | AI9: {=VLOOKUP(K9,技能属性!$A:$Z,10,FALSE)+SUM(_xlfn.XLOOKUP(L9:Z9,增益属性!$A:$A,增益属性!$H:$H))} -> 0 | AJ9: {=VLOOKUP(K9,技能属性!$A:$Z,11,FALSE)+SUM(_xlfn.XLOOKUP(L9:Z9,增益属性!$A:$A,增益属性!$I:$I))} -> 0 | AK9: {=VLOOKUP(K9,技能属性!$A:$Z,12,FALSE)+SUM(_xlfn.XLOOKUP(L9:Z9,增益属性!$A:$A,增益属性!$J:$J))} -> 0 | AL9: {=VLOOKUP(K9,技能属性!$A:$Z,13,FALSE)+SUM(_xlfn.XLOOKUP(L9:Z9,增益属性!$A:$A,增益属性!$K:$K))} -> 0 | AM9: {=VLOOKUP(K9,技能属性!$A:$Z,14,FALSE)+SUM(_xlfn.XLOOKUP(L9:Z9,增益属性!$A:$A,增益属性!$L:$L))} -> 0 | AN9: {=VLOOKUP(K9,技能属性!$A:$Z,15,FALSE)+SUM(_xlfn.XLOOKUP(L9:Z9,增益属性!$A:$A,增益属性!$M:$M))} -> 0
A10: 旧锋刺刃3锻 | B10: 暴击 | C10: =VLOOKUP($A$2,干员属性!$A:$AG,7,FALSE)+VLOOKUP($A$4,武器属性!$A:$AB,9,FALSE)+VLOOKUP($A$6,护甲属性!$A:$Z,7,FALSE)+VLOOKUP($A$8,护手属性!$A:$Z,7,FALSE)+VLOOKUP($A$10,配件属性!$A:$Z,7,FALSE)+VLOOKUP($A$12,配件属性!$A:$Z,7,FALSE)+VLOOKUP($A$14,套装属性!$A:$Z,7,FALSE)+VLOOKUP($A$16,食物属性!$A:$Z,7,FALSE) -> 0.16 | G10: =AA10*AC10*(1+AF10)*(1+AG10)*(1+AH10)*(1+AI10)*(1+AJ10)*(1+AK10)*(1-$D$2+AL10)*(1+AM10)*(1+AN10)*0.5*AE10*J10 -> 0 | H10: =AA10*AC10*(1+AF10)*(1+AG10)*(1+AH10)*(1+AI10)*(1+AJ10)*(1+AK10)*(1-$D$2+AL10)*(1+AM10)*(1+AN10)*0.5*J10 -> 0 | I10: =AA10*AC10*(1+AF10)*(1+AG10)*(1+AH10)*(1+AI10)*(1+AJ10)*(1+AK10)*(1-$D$2+AL10)*(1+AM10)*(1+AN10)*0.5*(AE10*AD10+(1-AD10))*J10 -> 0 | J10: 1 | K10: N/a | L10: N/a | M10: N/a | N10: N/a | O10: N/a | P10: N/a | Q10: N/a | R10: N/a | S10: N/a | T10: N/a | U10: N/a | V10: N/a | W10: N/a | X10: N/a | Y10: N/a | Z10: N/a | AA10: =VLOOKUP(K10,技能属性!$A:$AB,2,FALSE) -> 0 | AB10: {=$C$8+SUM(_xlfn.XLOOKUP(L10:Z10,增益属性!$A:$A,增益属性!$N:$N,0))} -> 0.47 | AC10: {=($C$7*(1+AB10)+$C$27)*(1+(INT((VLOOKUP(VLOOKUP($A$2,干员属性!$A:$AB,24,FALSE),$B$3:$C$6,2,FALSE)/(1+$C$24)*(1+$C$24+SUM(_xlfn.XLOOKUP(L10:Z10,增益属性!$A:$A,增益属性!$O:$O,0)))))*0.5+INT(VLOOKUP(VLOOKUP($A$2,干员属性!$A:$AB,25,FALSE),$B$3:$C$6,2,FALSE)*(1+SUM(_xlfn.XLOOKUP(L10:Z10,增益属性!$A:$A,增益属性!$O:$O,0))))*0.2+(INT(IFERROR(VLOOKUP(VLOOKUP($A$2,干员属性!$A:$AB,26,FALSE),$B$3:$C$6,2,FALSE),0)/(1+$C$25)*(1+$C$25+SUM(_xlfn.XLOOKUP(L10:Z10,增益属性!$A:$A,增益属性!$O:$O,0))))+INT(IFERROR(VLOOKUP(VLOOKUP($A$2,干员属性!$A:$AB,27,FALSE),$B$3:$C$6,2,FALSE),0)*(1+SUM(_xlfn.XLOOKUP(L10:Z10,增益属性!$A:$A,增益属性!$O:$O,0)))))*VLOOKUP($A$2,干员属性!$A:$AB,28,FALSE))/100)} -> 6896.898 | AD10: {=$C$10+VLOOKUP(K10,技能属性!$A:$Z,3,FALSE)+SUM(_xlfn.XLOOKUP(L10:Z10,增益属性!$A:$A,增益属性!$B:$B))} -> 0.16 | AE10: {=$C$11+VLOOKUP(K10,技能属性!$A:$AB,4,FALSE)+SUM(_xlfn.XLOOKUP(L10:Z10,增益属性!$A:$A,增益属性!$C:$C))} -> 1.5 | AF10: {=VLOOKUP(VLOOKUP(K10,技能属性!$A:$Z,5,FALSE),$B$14:$C$18,2,FALSE)+SUM(_xlfn.XLOOKUP(L10:Z10,增益属性!$A:$A,增益属性!$D:$D))+SUM(_xlfn.XLOOKUP(L10:Z10,增益属性!$A:$A,增益属性!$E:$E))+IF(VLOOKUP(K10,技能属性!$A:$Z,6,FALSE)="无",0,VLOOKUP(VLOOKUP(K10,技能属性!$A:$Z,6,FALSE),$B$20:$C$23,2,FALSE))+IF(VLOOKUP(K10,技能属性!$A:$Z,7,FALSE)=0,0,$C$19)} -> 0.7045 | AG10: {=IF(VLOOKUP(K10,技能属性!$A:$Z,8,FALSE)=0,0,$C$12+SUM(_xlfn.XLOOKUP(L10:Z10,增益属性!$A:$A,增益属性!$F:$F)))} -> 0 | AH10: {=VLOOKUP(K10,技能属性!$A:$Z,9,FALSE)+SUM(_xlfn.XLOOKUP(L10:Z10,增益属性!$A:$A,增益属性!$G:$G))} -> 0 | AI10: {=VLOOKUP(K10,技能属性!$A:$Z,10,FALSE)+SUM(_xlfn.XLOOKUP(L10:Z10,增益属性!$A:$A,增益属性!$H:$H))} -> 0 | AJ10: {=VLOOKUP(K10,技能属性!$A:$Z,11,FALSE)+SUM(_xlfn.XLOOKUP(L10:Z10,增益属性!$A:$A,增益属性!$I:$I))} -> 0 | AK10: {=VLOOKUP(K10,技能属性!$A:$Z,12,FALSE)+SUM(_xlfn.XLOOKUP(L10:Z10,增益属性!$A:$A,增益属性!$J:$J))} -> 0 | AL10: {=VLOOKUP(K10,技能属性!$A:$Z,13,FALSE)+SUM(_xlfn.XLOOKUP(L10:Z10,增益属性!$A:$A,增益属性!$K:$K))} -> 0 | AM10: {=VLOOKUP(K10,技能属性!$A:$Z,14,FALSE)+SUM(_xlfn.XLOOKUP(L10:Z10,增益属性!$A:$A,增益属性!$L:$L))} -> 0 | AN10: {=VLOOKUP(K10,技能属性!$A:$Z,15,FALSE)+SUM(_xlfn.XLOOKUP(L10:Z10,增益属性!$A:$A,增益属性!$M:$M))} -> 0
A11: 配件二 | B11: 暴击伤害 | C11: =VLOOKUP($A$2,干员属性!$A:$AG,8,FALSE)+VLOOKUP($A$4,武器属性!$A:$AB,10,FALSE)+VLOOKUP($A$6,护甲属性!$A:$Z,8,FALSE)+VLOOKUP($A$8,护手属性!$A:$Z,8,FALSE)+VLOOKUP($A$10,配件属性!$A:$Z,8,FALSE)+VLOOKUP($A$12,配件属性!$A:$Z,8,FALSE)+VLOOKUP($A$14,套装属性!$A:$Z,8,FALSE)+VLOOKUP($A$16,食物属性!$A:$Z,8,FALSE) -> 1.5 | G11: =AA11*AC11*(1+AF11)*(1+AG11)*(1+AH11)*(1+AI11)*(1+AJ11)*(1+AK11)*(1-$D$2+AL11)*(1+AM11)*(1+AN11)*0.5*AE11*J11 -> 0 | H11: =AA11*AC11*(1+AF11)*(1+AG11)*(1+AH11)*(1+AI11)*(1+AJ11)*(1+AK11)*(1-$D$2+AL11)*(1+AM11)*(1+AN11)*0.5*J11 -> 0 | I11: =AA11*AC11*(1+AF11)*(1+AG11)*(1+AH11)*(1+AI11)*(1+AJ11)*(1+AK11)*(1-$D$2+AL11)*(1+AM11)*(1+AN11)*0.5*(AE11*AD11+(1-AD11))*J11 -> 0 | J11: 1 | K11: N/a | L11: N/a | M11: N/a | N11: N/a | O11: N/a | P11: N/a | Q11: N/a | R11: N/a | S11: N/a | T11: N/a | U11: N/a | V11: N/a | W11: N/a | X11: N/a | Y11: N/a | Z11: N/a | AA11: =VLOOKUP(K11,技能属性!$A:$AB,2,FALSE) -> 0 | AB11: {=$C$8+SUM(_xlfn.XLOOKUP(L11:Z11,增益属性!$A:$A,增益属性!$N:$N,0))} -> 0.47 | AC11: {=($C$7*(1+AB11)+$C$27)*(1+(INT((VLOOKUP(VLOOKUP($A$2,干员属性!$A:$AB,24,FALSE),$B$3:$C$6,2,FALSE)/(1+$C$24)*(1+$C$24+SUM(_xlfn.XLOOKUP(L11:Z11,增益属性!$A:$A,增益属性!$O:$O,0)))))*0.5+INT(VLOOKUP(VLOOKUP($A$2,干员属性!$A:$AB,25,FALSE),$B$3:$C$6,2,FALSE)*(1+SUM(_xlfn.XLOOKUP(L11:Z11,增益属性!$A:$A,增益属性!$O:$O,0))))*0.2+(INT(IFERROR(VLOOKUP(VLOOKUP($A$2,干员属性!$A:$AB,26,FALSE),$B$3:$C$6,2,FALSE),0)/(1+$C$25)*(1+$C$25+SUM(_xlfn.XLOOKUP(L11:Z11,增益属性!$A:$A,增益属性!$O:$O,0))))+INT(IFERROR(VLOOKUP(VLOOKUP($A$2,干员属性!$A:$AB,27,FALSE),$B$3:$C$6,2,FALSE),0)*(1+SUM(_xlfn.XLOOKUP(L11:Z11,增益属性!$A:$A,增益属性!$O:$O,0)))))*VLOOKUP($A$2,干员属性!$A:$AB,28,FALSE))/100)} -> 6896.898 | AD11: {=$C$10+VLOOKUP(K11,技能属性!$A:$Z,3,FALSE)+SUM(_xlfn.XLOOKUP(L11:Z11,增益属性!$A:$A,增益属性!$B:$B))} -> 0.16 | AE11: {=$C$11+VLOOKUP(K11,技能属性!$A:$AB,4,FALSE)+SUM(_xlfn.XLOOKUP(L11:Z11,增益属性!$A:$A,增益属性!$C:$C))} -> 1.5 | AF11: {=VLOOKUP(VLOOKUP(K11,技能属性!$A:$Z,5,FALSE),$B$14:$C$18,2,FALSE)+SUM(_xlfn.XLOOKUP(L11:Z11,增益属性!$A:$A,增益属性!$D:$D))+SUM(_xlfn.XLOOKUP(L11:Z11,增益属性!$A:$A,增益属性!$E:$E))+IF(VLOOKUP(K11,技能属性!$A:$Z,6,FALSE)="无",0,VLOOKUP(VLOOKUP(K11,技能属性!$A:$Z,6,FALSE),$B$20:$C$23,2,FALSE))+IF(VLOOKUP(K11,技能属性!$A:$Z,7,FALSE)=0,0,$C$19)} -> 0.7045 | AG11: {=IF(VLOOKUP(K11,技能属性!$A:$Z,8,FALSE)=0,0,$C$12+SUM(_xlfn.XLOOKUP(L11:Z11,增益属性!$A:$A,增益属性!$F:$F)))} -> 0 | AH11: {=VLOOKUP(K11,技能属性!$A:$Z,9,FALSE)+SUM(_xlfn.XLOOKUP(L11:Z11,增益属性!$A:$A,增益属性!$G:$G))} -> 0 | AI11: {=VLOOKUP(K11,技能属性!$A:$Z,10,FALSE)+SUM(_xlfn.XLOOKUP(L11:Z11,增益属性!$A:$A,增益属性!$H:$H))} -> 0 | AJ11: {=VLOOKUP(K11,技能属性!$A:$Z,11,FALSE)+SUM(_xlfn.XLOOKUP(L11:Z11,增益属性!$A:$A,增益属性!$I:$I))} -> 0 | AK11: {=VLOOKUP(K11,技能属性!$A:$Z,12,FALSE)+SUM(_xlfn.XLOOKUP(L11:Z11,增益属性!$A:$A,增益属性!$J:$J))} -> 0 | AL11: {=VLOOKUP(K11,技能属性!$A:$Z,13,FALSE)+SUM(_xlfn.XLOOKUP(L11:Z11,增益属性!$A:$A,增益属性!$K:$K))} -> 0 | AM11: {=VLOOKUP(K11,技能属性!$A:$Z,14,FALSE)+SUM(_xlfn.XLOOKUP(L11:Z11,增益属性!$A:$A,增益属性!$L:$L))} -> 0 | AN11: {=VLOOKUP(K11,技能属性!$A:$Z,15,FALSE)+SUM(_xlfn.XLOOKUP(L11:Z11,增益属性!$A:$A,增益属性!$M:$M))} -> 0
A12: 点剑定位信标3锻 | B12: 源石技艺 | C12: =VLOOKUP($A$2,干员属性!$A:$AG,9,FALSE)+VLOOKUP($A$4,武器属性!$A:$AB,11,FALSE)+VLOOKUP($A$6,护甲属性!$A:$Z,9,FALSE)+VLOOKUP($A$8,护手属性!$A:$Z,9,FALSE)+VLOOKUP($A$10,配件属性!$A:$Z,9,FALSE)+VLOOKUP($A$12,配件属性!$A:$Z,9,FALSE)+VLOOKUP($A$14,套装属性!$A:$Z,9,FALSE)+VLOOKUP($A$16,食物属性!$A:$Z,9,FALSE) -> 0.9867 | G12: =AA12*AC12*(1+AF12)*(1+AG12)*(1+AH12)*(1+AI12)*(1+AJ12)*(1+AK12)*(1-$D$2+AL12)*(1+AM12)*(1+AN12)*0.5*AE12*J12 -> 0 | H12: =AA12*AC12*(1+AF12)*(1+AG12)*(1+AH12)*(1+AI12)*(1+AJ12)*(1+AK12)*(1-$D$2+AL12)*(1+AM12)*(1+AN12)*0.5*J12 -> 0 | I12: =AA12*AC12*(1+AF12)*(1+AG12)*(1+AH12)*(1+AI12)*(1+AJ12)*(1+AK12)*(1-$D$2+AL12)*(1+AM12)*(1+AN12)*0.5*(AE12*AD12+(1-AD12))*J12 -> 0 | J12: 1 | K12: N/a | L12: N/a | M12: N/a | N12: N/a | O12: N/a | P12: N/a | Q12: N/a | R12: N/a | S12: N/a | T12: N/a | U12: N/a | V12: N/a | W12: N/a | X12: N/a | Y12: N/a | Z12: N/a | AA12: =VLOOKUP(K12,技能属性!$A:$AB,2,FALSE) -> 0 | AB12: {=$C$8+SUM(_xlfn.XLOOKUP(L12:Z12,增益属性!$A:$A,增益属性!$N:$N,0))} -> 0.47 | AC12: {=($C$7*(1+AB12)+$C$27)*(1+(INT((VLOOKUP(VLOOKUP($A$2,干员属性!$A:$AB,24,FALSE),$B$3:$C$6,2,FALSE)/(1+$C$24)*(1+$C$24+SUM(_xlfn.XLOOKUP(L12:Z12,增益属性!$A:$A,增益属性!$O:$O,0)))))*0.5+INT(VLOOKUP(VLOOKUP($A$2,干员属性!$A:$AB,25,FALSE),$B$3:$C$6,2,FALSE)*(1+SUM(_xlfn.XLOOKUP(L12:Z12,增益属性!$A:$A,增益属性!$O:$O,0))))*0.2+(INT(IFERROR(VLOOKUP(VLOOKUP($A$2,干员属性!$A:$AB,26,FALSE),$B$3:$C$6,2,FALSE),0)/(1+$C$25)*(1+$C$25+SUM(_xlfn.XLOOKUP(L12:Z12,增益属性!$A:$A,增益属性!$O:$O,0))))+INT(IFERROR(VLOOKUP(VLOOKUP($A$2,干员属性!$A:$AB,27,FALSE),$B$3:$C$6,2,FALSE),0)*(1+SUM(_xlfn.XLOOKUP(L12:Z12,增益属性!$A:$A,增益属性!$O:$O,0)))))*VLOOKUP($A$2,干员属性!$A:$AB,28,FALSE))/100)} -> 6896.898 | AD12: {=$C$10+VLOOKUP(K12,技能属性!$A:$Z,3,FALSE)+SUM(_xlfn.XLOOKUP(L12:Z12,增益属性!$A:$A,增益属性!$B:$B))} -> 0.16 | AE12: {=$C$11+VLOOKUP(K12,技能属性!$A:$AB,4,FALSE)+SUM(_xlfn.XLOOKUP(L12:Z12,增益属性!$A:$A,增益属性!$C:$C))} -> 1.5 | AF12: {=VLOOKUP(VLOOKUP(K12,技能属性!$A:$Z,5,FALSE),$B$14:$C$18,2,FALSE)+SUM(_xlfn.XLOOKUP(L12:Z12,增益属性!$A:$A,增益属性!$D:$D))+SUM(_xlfn.XLOOKUP(L12:Z12,增益属性!$A:$A,增益属性!$E:$E))+IF(VLOOKUP(K12,技能属性!$A:$Z,6,FALSE)="无",0,VLOOKUP(VLOOKUP(K12,技能属性!$A:$Z,6,FALSE),$B$20:$C$23,2,FALSE))+IF(VLOOKUP(K12,技能属性!$A:$Z,7,FALSE)=0,0,$C$19)} -> 0.7045 | AG12: {=IF(VLOOKUP(K12,技能属性!$A:$Z,8,FALSE)=0,0,$C$12+SUM(_xlfn.XLOOKUP(L12:Z12,增益属性!$A:$A,增益属性!$F:$F)))} -> 0 | AH12: {=VLOOKUP(K12,技能属性!$A:$Z,9,FALSE)+SUM(_xlfn.XLOOKUP(L12:Z12,增益属性!$A:$A,增益属性!$G:$G))} -> 0 | AI12: {=VLOOKUP(K12,技能属性!$A:$Z,10,FALSE)+SUM(_xlfn.XLOOKUP(L12:Z12,增益属性!$A:$A,增益属性!$H:$H))} -> 0 | AJ12: {=VLOOKUP(K12,技能属性!$A:$Z,11,FALSE)+SUM(_xlfn.XLOOKUP(L12:Z12,增益属性!$A:$A,增益属性!$I:$I))} -> 0 | AK12: {=VLOOKUP(K12,技能属性!$A:$Z,12,FALSE)+SUM(_xlfn.XLOOKUP(L12:Z12,增益属性!$A:$A,增益属性!$J:$J))} -> 0 | AL12: {=VLOOKUP(K12,技能属性!$A:$Z,13,FALSE)+SUM(_xlfn.XLOOKUP(L12:Z12,增益属性!$A:$A,增益属性!$K:$K))} -> 0 | AM12: {=VLOOKUP(K12,技能属性!$A:$Z,14,FALSE)+SUM(_xlfn.XLOOKUP(L12:Z12,增益属性!$A:$A,增益属性!$L:$L))} -> 0 | AN12: {=VLOOKUP(K12,技能属性!$A:$Z,15,FALSE)+SUM(_xlfn.XLOOKUP(L12:Z12,增益属性!$A:$A,增益属性!$M:$M))} -> 0
A13: 套装 | B13: 终结技充能 | C13: =VLOOKUP($A$2,干员属性!$A:$AG,10,FALSE)+VLOOKUP($A$4,武器属性!$A:$AB,12,FALSE)+VLOOKUP($A$6,护甲属性!$A:$Z,10,FALSE)+VLOOKUP($A$8,护手属性!$A:$Z,10,FALSE)+VLOOKUP($A$10,配件属性!$A:$Z,10,FALSE)+VLOOKUP($A$12,配件属性!$A:$Z,10,FALSE)+VLOOKUP($A$14,套装属性!$A:$Z,10,FALSE)+VLOOKUP($A$16,食物属性!$A:$Z,10,FALSE) -> 0 | G13: =AA13*AC13*(1+AF13)*(1+AG13)*(1+AH13)*(1+AI13)*(1+AJ13)*(1+AK13)*(1-$D$2+AL13)*(1+AM13)*(1+AN13)*0.5*AE13*J13 -> 0 | H13: =AA13*AC13*(1+AF13)*(1+AG13)*(1+AH13)*(1+AI13)*(1+AJ13)*(1+AK13)*(1-$D$2+AL13)*(1+AM13)*(1+AN13)*0.5*J13 -> 0 | I13: =AA13*AC13*(1+AF13)*(1+AG13)*(1+AH13)*(1+AI13)*(1+AJ13)*(1+AK13)*(1-$D$2+AL13)*(1+AM13)*(1+AN13)*0.5*(AE13*AD13+(1-AD13))*J13 -> 0 | J13: 1 | K13: N/a | L13: N/a | M13: N/a | N13: N/a | O13: N/a | P13: N/a | Q13: N/a | R13: N/a | S13: N/a | T13: N/a | U13: N/a | V13: N/a | W13: N/a | X13: N/a | Y13: N/a | Z13: N/a | AA13: =VLOOKUP(K13,技能属性!$A:$AB,2,FALSE) -> 0 | AB13: {=$C$8+SUM(_xlfn.XLOOKUP(L13:Z13,增益属性!$A:$A,增益属性!$N:$N,0))} -> 0.47 | AC13: {=($C$7*(1+AB13)+$C$27)*(1+(INT((VLOOKUP(VLOOKUP($A$2,干员属性!$A:$AB,24,FALSE),$B$3:$C$6,2,FALSE)/(1+$C$24)*(1+$C$24+SUM(_xlfn.XLOOKUP(L13:Z13,增益属性!$A:$A,增益属性!$O:$O,0)))))*0.5+INT(VLOOKUP(VLOOKUP($A$2,干员属性!$A:$AB,25,FALSE),$B$3:$C$6,2,FALSE)*(1+SUM(_xlfn.XLOOKUP(L13:Z13,增益属性!$A:$A,增益属性!$O:$O,0))))*0.2+(INT(IFERROR(VLOOKUP(VLOOKUP($A$2,干员属性!$A:$AB,26,FALSE),$B$3:$C$6,2,FALSE),0)/(1+$C$25)*(1+$C$25+SUM(_xlfn.XLOOKUP(L13:Z13,增益属性!$A:$A,增益属性!$O:$O,0))))+INT(IFERROR(VLOOKUP(VLOOKUP($A$2,干员属性!$A:$AB,27,FALSE),$B$3:$C$6,2,FALSE),0)*(1+SUM(_xlfn.XLOOKUP(L13:Z13,增益属性!$A:$A,增益属性!$O:$O,0)))))*VLOOKUP($A$2,干员属性!$A:$AB,28,FALSE))/100)} -> 6896.898 | AD13: {=$C$10+VLOOKUP(K13,技能属性!$A:$Z,3,FALSE)+SUM(_xlfn.XLOOKUP(L13:Z13,增益属性!$A:$A,增益属性!$B:$B))} -> 0.16 | AE13: {=$C$11+VLOOKUP(K13,技能属性!$A:$AB,4,FALSE)+SUM(_xlfn.XLOOKUP(L13:Z13,增益属性!$A:$A,增益属性!$C:$C))} -> 1.5 | AF13: {=VLOOKUP(VLOOKUP(K13,技能属性!$A:$Z,5,FALSE),$B$14:$C$18,2,FALSE)+SUM(_xlfn.XLOOKUP(L13:Z13,增益属性!$A:$A,增益属性!$D:$D))+SUM(_xlfn.XLOOKUP(L13:Z13,增益属性!$A:$A,增益属性!$E:$E))+IF(VLOOKUP(K13,技能属性!$A:$Z,6,FALSE)="无",0,VLOOKUP(VLOOKUP(K13,技能属性!$A:$Z,6,FALSE),$B$20:$C$23,2,FALSE))+IF(VLOOKUP(K13,技能属性!$A:$Z,7,FALSE)=0,0,$C$19)} -> 0.7045 | AG13: {=IF(VLOOKUP(K13,技能属性!$A:$Z,8,FALSE)=0,0,$C$12+SUM(_xlfn.XLOOKUP(L13:Z13,增益属性!$A:$A,增益属性!$F:$F)))} -> 0 | AH13: {=VLOOKUP(K13,技能属性!$A:$Z,9,FALSE)+SUM(_xlfn.XLOOKUP(L13:Z13,增益属性!$A:$A,增益属性!$G:$G))} -> 0 | AI13: {=VLOOKUP(K13,技能属性!$A:$Z,10,FALSE)+SUM(_xlfn.XLOOKUP(L13:Z13,增益属性!$A:$A,增益属性!$H:$H))} -> 0 | AJ13: {=VLOOKUP(K13,技能属性!$A:$Z,11,FALSE)+SUM(_xlfn.XLOOKUP(L13:Z13,增益属性!$A:$A,增益属性!$I:$I))} -> 0 | AK13: {=VLOOKUP(K13,技能属性!$A:$Z,12,FALSE)+SUM(_xlfn.XLOOKUP(L13:Z13,增益属性!$A:$A,增益属性!$J:$J))} -> 0 | AL13: {=VLOOKUP(K13,技能属性!$A:$Z,13,FALSE)+SUM(_xlfn.XLOOKUP(L13:Z13,增益属性!$A:$A,增益属性!$K:$K))} -> 0 | AM13: {=VLOOKUP(K13,技能属性!$A:$Z,14,FALSE)+SUM(_xlfn.XLOOKUP(L13:Z13,增益属性!$A:$A,增益属性!$L:$L))} -> 0 | AN13: {=VLOOKUP(K13,技能属性!$A:$Z,15,FALSE)+SUM(_xlfn.XLOOKUP(L13:Z13,增益属性!$A:$A,增益属性!$M:$M))} -> 0
A14: 旧锋 | B14: 物理加成 | C14: =VLOOKUP($A$2,干员属性!$A:$AG,11,FALSE)+VLOOKUP($A$4,武器属性!$A:$AB,13,FALSE)+VLOOKUP($A$6,护甲属性!$A:$Z,11,FALSE)+VLOOKUP($A$8,护手属性!$A:$Z,11,FALSE)+VLOOKUP($A$10,配件属性!$A:$Z,11,FALSE)+VLOOKUP($A$12,配件属性!$A:$Z,11,FALSE)+VLOOKUP($A$14,套装属性!$A:$Z,11,FALSE)+VLOOKUP($A$16,食物属性!$A:$Z,11,FALSE) -> 0.7045 | G14: =AA14*AC14*(1+AF14)*(1+AG14)*(1+AH14)*(1+AI14)*(1+AJ14)*(1+AK14)*(1-$D$2+AL14)*(1+AM14)*(1+AN14)*0.5*AE14*J14 -> 0 | H14: =AA14*AC14*(1+AF14)*(1+AG14)*(1+AH14)*(1+AI14)*(1+AJ14)*(1+AK14)*(1-$D$2+AL14)*(1+AM14)*(1+AN14)*0.5*J14 -> 0 | I14: =AA14*AC14*(1+AF14)*(1+AG14)*(1+AH14)*(1+AI14)*(1+AJ14)*(1+AK14)*(1-$D$2+AL14)*(1+AM14)*(1+AN14)*0.5*(AE14*AD14+(1-AD14))*J14 -> 0 | J14: 1 | K14: N/a | L14: N/a | M14: N/a | N14: N/a | O14: N/a | P14: N/a | Q14: N/a | R14: N/a | S14: N/a | T14: N/a | U14: N/a | V14: N/a | W14: N/a | X14: N/a | Y14: N/a | Z14: N/a | AA14: =VLOOKUP(K14,技能属性!$A:$AB,2,FALSE) -> 0 | AB14: {=$C$8+SUM(_xlfn.XLOOKUP(L14:Z14,增益属性!$A:$A,增益属性!$N:$N,0))} -> 0.47 | AC14: {=($C$7*(1+AB14)+$C$27)*(1+(INT((VLOOKUP(VLOOKUP($A$2,干员属性!$A:$AB,24,FALSE),$B$3:$C$6,2,FALSE)/(1+$C$24)*(1+$C$24+SUM(_xlfn.XLOOKUP(L14:Z14,增益属性!$A:$A,增益属性!$O:$O,0)))))*0.5+INT(VLOOKUP(VLOOKUP($A$2,干员属性!$A:$AB,25,FALSE),$B$3:$C$6,2,FALSE)*(1+SUM(_xlfn.XLOOKUP(L14:Z14,增益属性!$A:$A,增益属性!$O:$O,0))))*0.2+(INT(IFERROR(VLOOKUP(VLOOKUP($A$2,干员属性!$A:$AB,26,FALSE),$B$3:$C$6,2,FALSE),0)/(1+$C$25)*(1+$C$25+SUM(_xlfn.XLOOKUP(L14:Z14,增益属性!$A:$A,增益属性!$O:$O,0))))+INT(IFERROR(VLOOKUP(VLOOKUP($A$2,干员属性!$A:$AB,27,FALSE),$B$3:$C$6,2,FALSE),0)*(1+SUM(_xlfn.XLOOKUP(L14:Z14,增益属性!$A:$A,增益属性!$O:$O,0)))))*VLOOKUP($A$2,干员属性!$A:$AB,28,FALSE))/100)} -> 6896.898 | AD14: {=$C$10+VLOOKUP(K14,技能属性!$A:$Z,3,FALSE)+SUM(_xlfn.XLOOKUP(L14:Z14,增益属性!$A:$A,增益属性!$B:$B))} -> 0.16 | AE14: {=$C$11+VLOOKUP(K14,技能属性!$A:$AB,4,FALSE)+SUM(_xlfn.XLOOKUP(L14:Z14,增益属性!$A:$A,增益属性!$C:$C))} -> 1.5 | AF14: {=VLOOKUP(VLOOKUP(K14,技能属性!$A:$Z,5,FALSE),$B$14:$C$18,2,FALSE)+SUM(_xlfn.XLOOKUP(L14:Z14,增益属性!$A:$A,增益属性!$D:$D))+SUM(_xlfn.XLOOKUP(L14:Z14,增益属性!$A:$A,增益属性!$E:$E))+IF(VLOOKUP(K14,技能属性!$A:$Z,6,FALSE)="无",0,VLOOKUP(VLOOKUP(K14,技能属性!$A:$Z,6,FALSE),$B$20:$C$23,2,FALSE))+IF(VLOOKUP(K14,技能属性!$A:$Z,7,FALSE)=0,0,$C$19)} -> 0.7045 | AG14: {=IF(VLOOKUP(K14,技能属性!$A:$Z,8,FALSE)=0,0,$C$12+SUM(_xlfn.XLOOKUP(L14:Z14,增益属性!$A:$A,增益属性!$F:$F)))} -> 0 | AH14: {=VLOOKUP(K14,技能属性!$A:$Z,9,FALSE)+SUM(_xlfn.XLOOKUP(L14:Z14,增益属性!$A:$A,增益属性!$G:$G))} -> 0 | AI14: {=VLOOKUP(K14,技能属性!$A:$Z,10,FALSE)+SUM(_xlfn.XLOOKUP(L14:Z14,增益属性!$A:$A,增益属性!$H:$H))} -> 0 | AJ14: {=VLOOKUP(K14,技能属性!$A:$Z,11,FALSE)+SUM(_xlfn.XLOOKUP(L14:Z14,增益属性!$A:$A,增益属性!$I:$I))} -> 0 | AK14: {=VLOOKUP(K14,技能属性!$A:$Z,12,FALSE)+SUM(_xlfn.XLOOKUP(L14:Z14,增益属性!$A:$A,增益属性!$J:$J))} -> 0 | AL14: {=VLOOKUP(K14,技能属性!$A:$Z,13,FALSE)+SUM(_xlfn.XLOOKUP(L14:Z14,增益属性!$A:$A,增益属性!$K:$K))} -> 0 | AM14: {=VLOOKUP(K14,技能属性!$A:$Z,14,FALSE)+SUM(_xlfn.XLOOKUP(L14:Z14,增益属性!$A:$A,增益属性!$L:$L))} -> 0 | AN14: {=VLOOKUP(K14,技能属性!$A:$Z,15,FALSE)+SUM(_xlfn.XLOOKUP(L14:Z14,增益属性!$A:$A,增益属性!$M:$M))} -> 0
A15: 食物 | B15: 灼热加成 | C15: =VLOOKUP($A$2,干员属性!$A:$AG,12,FALSE)+VLOOKUP($A$4,武器属性!$A:$AB,14,FALSE)+VLOOKUP($A$6,护甲属性!$A:$Z,12,FALSE)+VLOOKUP($A$8,护手属性!$A:$Z,12,FALSE)+VLOOKUP($A$10,配件属性!$A:$Z,12,FALSE)+VLOOKUP($A$12,配件属性!$A:$Z,12,FALSE)+VLOOKUP($A$14,套装属性!$A:$Z,12,FALSE)+VLOOKUP($A$16,食物属性!$A:$Z,12,FALSE) -> 0 | G15: =AA15*AC15*(1+AF15)*(1+AG15)*(1+AH15)*(1+AI15)*(1+AJ15)*(1+AK15)*(1-$D$2+AL15)*(1+AM15)*(1+AN15)*0.5*AE15*J15 -> 0 | H15: =AA15*AC15*(1+AF15)*(1+AG15)*(1+AH15)*(1+AI15)*(1+AJ15)*(1+AK15)*(1-$D$2+AL15)*(1+AM15)*(1+AN15)*0.5*J15 -> 0 | I15: =AA15*AC15*(1+AF15)*(1+AG15)*(1+AH15)*(1+AI15)*(1+AJ15)*(1+AK15)*(1-$D$2+AL15)*(1+AM15)*(1+AN15)*0.5*(AE15*AD15+(1-AD15))*J15 -> 0 | J15: 1 | K15: N/a | L15: N/a | M15: N/a | N15: N/a | O15: N/a | P15: N/a | Q15: N/a | R15: N/a | S15: N/a | T15: N/a | U15: N/a | V15: N/a | W15: N/a | X15: N/a | Y15: N/a | Z15: N/a | AA15: =VLOOKUP(K15,技能属性!$A:$AB,2,FALSE) -> 0 | AB15: {=$C$8+SUM(_xlfn.XLOOKUP(L15:Z15,增益属性!$A:$A,增益属性!$N:$N,0))} -> 0.47 | AC15: {=($C$7*(1+AB15)+$C$27)*(1+(INT((VLOOKUP(VLOOKUP($A$2,干员属性!$A:$AB,24,FALSE),$B$3:$C$6,2,FALSE)/(1+$C$24)*(1+$C$24+SUM(_xlfn.XLOOKUP(L15:Z15,增益属性!$A:$A,增益属性!$O:$O,0)))))*0.5+INT(VLOOKUP(VLOOKUP($A$2,干员属性!$A:$AB,25,FALSE),$B$3:$C$6,2,FALSE)*(1+SUM(_xlfn.XLOOKUP(L15:Z15,增益属性!$A:$A,增益属性!$O:$O,0))))*0.2+(INT(IFERROR(VLOOKUP(VLOOKUP($A$2,干员属性!$A:$AB,26,FALSE),$B$3:$C$6,2,FALSE),0)/(1+$C$25)*(1+$C$25+SUM(_xlfn.XLOOKUP(L15:Z15,增益属性!$A:$A,增益属性!$O:$O,0))))+INT(IFERROR(VLOOKUP(VLOOKUP($A$2,干员属性!$A:$AB,27,FALSE),$B$3:$C$6,2,FALSE),0)*(1+SUM(_xlfn.XLOOKUP(L15:Z15,增益属性!$A:$A,增益属性!$O:$O,0)))))*VLOOKUP($A$2,干员属性!$A:$AB,28,FALSE))/100)} -> 6896.898 | AD15: {=$C$10+VLOOKUP(K15,技能属性!$A:$Z,3,FALSE)+SUM(_xlfn.XLOOKUP(L15:Z15,增益属性!$A:$A,增益属性!$B:$B))} -> 0.16 | AE15: {=$C$11+VLOOKUP(K15,技能属性!$A:$AB,4,FALSE)+SUM(_xlfn.XLOOKUP(L15:Z15,增益属性!$A:$A,增益属性!$C:$C))} -> 1.5 | AF15: {=VLOOKUP(VLOOKUP(K15,技能属性!$A:$Z,5,FALSE),$B$14:$C$18,2,FALSE)+SUM(_xlfn.XLOOKUP(L15:Z15,增益属性!$A:$A,增益属性!$D:$D))+SUM(_xlfn.XLOOKUP(L15:Z15,增益属性!$A:$A,增益属性!$E:$E))+IF(VLOOKUP(K15,技能属性!$A:$Z,6,FALSE)="无",0,VLOOKUP(VLOOKUP(K15,技能属性!$A:$Z,6,FALSE),$B$20:$C$23,2,FALSE))+IF(VLOOKUP(K15,技能属性!$A:$Z,7,FALSE)=0,0,$C$19)} -> 0.7045 | AG15: {=IF(VLOOKUP(K15,技能属性!$A:$Z,8,FALSE)=0,0,$C$12+SUM(_xlfn.XLOOKUP(L15:Z15,增益属性!$A:$A,增益属性!$F:$F)))} -> 0 | AH15: {=VLOOKUP(K15,技能属性!$A:$Z,9,FALSE)+SUM(_xlfn.XLOOKUP(L15:Z15,增益属性!$A:$A,增益属性!$G:$G))} -> 0 | AI15: {=VLOOKUP(K15,技能属性!$A:$Z,10,FALSE)+SUM(_xlfn.XLOOKUP(L15:Z15,增益属性!$A:$A,增益属性!$H:$H))} -> 0 | AJ15: {=VLOOKUP(K15,技能属性!$A:$Z,11,FALSE)+SUM(_xlfn.XLOOKUP(L15:Z15,增益属性!$A:$A,增益属性!$I:$I))} -> 0 | AK15: {=VLOOKUP(K15,技能属性!$A:$Z,12,FALSE)+SUM(_xlfn.XLOOKUP(L15:Z15,增益属性!$A:$A,增益属性!$J:$J))} -> 0 | AL15: {=VLOOKUP(K15,技能属性!$A:$Z,13,FALSE)+SUM(_xlfn.XLOOKUP(L15:Z15,增益属性!$A:$A,增益属性!$K:$K))} -> 0 | AM15: {=VLOOKUP(K15,技能属性!$A:$Z,14,FALSE)+SUM(_xlfn.XLOOKUP(L15:Z15,增益属性!$A:$A,增益属性!$L:$L))} -> 0 | AN15: {=VLOOKUP(K15,技能属性!$A:$Z,15,FALSE)+SUM(_xlfn.XLOOKUP(L15:Z15,增益属性!$A:$A,增益属性!$M:$M))} -> 0
A16: 清炖兽排参须汤 | B16: 电磁加成 | C16: =VLOOKUP($A$2,干员属性!$A:$AG,13,FALSE)+VLOOKUP($A$4,武器属性!$A:$AB,15,FALSE)+VLOOKUP($A$6,护甲属性!$A:$Z,13,FALSE)+VLOOKUP($A$8,护手属性!$A:$Z,13,FALSE)+VLOOKUP($A$10,配件属性!$A:$Z,13,FALSE)+VLOOKUP($A$12,配件属性!$A:$Z,13,FALSE)+VLOOKUP($A$14,套装属性!$A:$Z,13,FALSE)+VLOOKUP($A$16,食物属性!$A:$Z,13,FALSE) -> 0 | G16: =AA16*AC16*(1+AF16)*(1+AG16)*(1+AH16)*(1+AI16)*(1+AJ16)*(1+AK16)*(1-$D$2+AL16)*(1+AM16)*(1+AN16)*0.5*AE16*J16 -> 0 | H16: =AA16*AC16*(1+AF16)*(1+AG16)*(1+AH16)*(1+AI16)*(1+AJ16)*(1+AK16)*(1-$D$2+AL16)*(1+AM16)*(1+AN16)*0.5*J16 -> 0 | I16: =AA16*AC16*(1+AF16)*(1+AG16)*(1+AH16)*(1+AI16)*(1+AJ16)*(1+AK16)*(1-$D$2+AL16)*(1+AM16)*(1+AN16)*0.5*(AE16*AD16+(1-AD16))*J16 -> 0 | J16: 1 | K16: N/a | L16: N/a | M16: N/a | N16: N/a | O16: N/a | P16: N/a | Q16: N/a | R16: N/a | S16: N/a | T16: N/a | U16: N/a | V16: N/a | W16: N/a | X16: N/a | Y16: N/a | Z16: N/a | AA16: =VLOOKUP(K16,技能属性!$A:$AB,2,FALSE) -> 0 | AB16: {=$C$8+SUM(_xlfn.XLOOKUP(L16:Z16,增益属性!$A:$A,增益属性!$N:$N,0))} -> 0.47 | AC16: {=($C$7*(1+AB16)+$C$27)*(1+(INT((VLOOKUP(VLOOKUP($A$2,干员属性!$A:$AB,24,FALSE),$B$3:$C$6,2,FALSE)/(1+$C$24)*(1+$C$24+SUM(_xlfn.XLOOKUP(L16:Z16,增益属性!$A:$A,增益属性!$O:$O,0)))))*0.5+INT(VLOOKUP(VLOOKUP($A$2,干员属性!$A:$AB,25,FALSE),$B$3:$C$6,2,FALSE)*(1+SUM(_xlfn.XLOOKUP(L16:Z16,增益属性!$A:$A,增益属性!$O:$O,0))))*0.2+(INT(IFERROR(VLOOKUP(VLOOKUP($A$2,干员属性!$A:$AB,26,FALSE),$B$3:$C$6,2,FALSE),0)/(1+$C$25)*(1+$C$25+SUM(_xlfn.XLOOKUP(L16:Z16,增益属性!$A:$A,增益属性!$O:$O,0))))+INT(IFERROR(VLOOKUP(VLOOKUP($A$2,干员属性!$A:$AB,27,FALSE),$B$3:$C$6,2,FALSE),0)*(1+SUM(_xlfn.XLOOKUP(L16:Z16,增益属性!$A:$A,增益属性!$O:$O,0)))))*VLOOKUP($A$2,干员属性!$A:$AB,28,FALSE))/100)} -> 6896.898 | AD16: {=$C$10+VLOOKUP(K16,技能属性!$A:$Z,3,FALSE)+SUM(_xlfn.XLOOKUP(L16:Z16,增益属性!$A:$A,增益属性!$B:$B))} -> 0.16 | AE16: {=$C$11+VLOOKUP(K16,技能属性!$A:$AB,4,FALSE)+SUM(_xlfn.XLOOKUP(L16:Z16,增益属性!$A:$A,增益属性!$C:$C))} -> 1.5 | AF16: {=VLOOKUP(VLOOKUP(K16,技能属性!$A:$Z,5,FALSE),$B$14:$C$18,2,FALSE)+SUM(_xlfn.XLOOKUP(L16:Z16,增益属性!$A:$A,增益属性!$D:$D))+SUM(_xlfn.XLOOKUP(L16:Z16,增益属性!$A:$A,增益属性!$E:$E))+IF(VLOOKUP(K16,技能属性!$A:$Z,6,FALSE)="无",0,VLOOKUP(VLOOKUP(K16,技能属性!$A:$Z,6,FALSE),$B$20:$C$23,2,FALSE))+IF(VLOOKUP(K16,技能属性!$A:$Z,7,FALSE)=0,0,$C$19)} -> 0.7045 | AG16: {=IF(VLOOKUP(K16,技能属性!$A:$Z,8,FALSE)=0,0,$C$12+SUM(_xlfn.XLOOKUP(L16:Z16,增益属性!$A:$A,增益属性!$F:$F)))} -> 0 | AH16: {=VLOOKUP(K16,技能属性!$A:$Z,9,FALSE)+SUM(_xlfn.XLOOKUP(L16:Z16,增益属性!$A:$A,增益属性!$G:$G))} -> 0 | AI16: {=VLOOKUP(K16,技能属性!$A:$Z,10,FALSE)+SUM(_xlfn.XLOOKUP(L16:Z16,增益属性!$A:$A,增益属性!$H:$H))} -> 0 | AJ16: {=VLOOKUP(K16,技能属性!$A:$Z,11,FALSE)+SUM(_xlfn.XLOOKUP(L16:Z16,增益属性!$A:$A,增益属性!$I:$I))} -> 0 | AK16: {=VLOOKUP(K16,技能属性!$A:$Z,12,FALSE)+SUM(_xlfn.XLOOKUP(L16:Z16,增益属性!$A:$A,增益属性!$J:$J))} -> 0 | AL16: {=VLOOKUP(K16,技能属性!$A:$Z,13,FALSE)+SUM(_xlfn.XLOOKUP(L16:Z16,增益属性!$A:$A,增益属性!$K:$K))} -> 0 | AM16: {=VLOOKUP(K16,技能属性!$A:$Z,14,FALSE)+SUM(_xlfn.XLOOKUP(L16:Z16,增益属性!$A:$A,增益属性!$L:$L))} -> 0 | AN16: {=VLOOKUP(K16,技能属性!$A:$Z,15,FALSE)+SUM(_xlfn.XLOOKUP(L16:Z16,增益属性!$A:$A,增益属性!$M:$M))} -> 0
B17: 寒冷加成 | C17: =VLOOKUP($A$2,干员属性!$A:$AG,14,FALSE)+VLOOKUP($A$4,武器属性!$A:$AB,16,FALSE)+VLOOKUP($A$6,护甲属性!$A:$Z,14,FALSE)+VLOOKUP($A$8,护手属性!$A:$Z,14,FALSE)+VLOOKUP($A$10,配件属性!$A:$Z,14,FALSE)+VLOOKUP($A$12,配件属性!$A:$Z,14,FALSE)+VLOOKUP($A$14,套装属性!$A:$Z,14,FALSE)+VLOOKUP($A$16,食物属性!$A:$Z,14,FALSE) -> 0 | G17: =AA17*AC17*(1+AF17)*(1+AG17)*(1+AH17)*(1+AI17)*(1+AJ17)*(1+AK17)*(1-$D$2+AL17)*(1+AM17)*(1+AN17)*0.5*AE17*J17 -> 0 | H17: =AA17*AC17*(1+AF17)*(1+AG17)*(1+AH17)*(1+AI17)*(1+AJ17)*(1+AK17)*(1-$D$2+AL17)*(1+AM17)*(1+AN17)*0.5*J17 -> 0 | I17: =AA17*AC17*(1+AF17)*(1+AG17)*(1+AH17)*(1+AI17)*(1+AJ17)*(1+AK17)*(1-$D$2+AL17)*(1+AM17)*(1+AN17)*0.5*(AE17*AD17+(1-AD17))*J17 -> 0 | J17: 1 | K17: N/a | L17: N/a | M17: N/a | N17: N/a | O17: N/a | P17: N/a | Q17: N/a | R17: N/a | S17: N/a | T17: N/a | U17: N/a | V17: N/a | W17: N/a | X17: N/a | Y17: N/a | Z17: N/a | AA17: =VLOOKUP(K17,技能属性!$A:$AB,2,FALSE) -> 0 | AB17: {=$C$8+SUM(_xlfn.XLOOKUP(L17:Z17,增益属性!$A:$A,增益属性!$N:$N,0))} -> 0.47 | AC17: {=($C$7*(1+AB17)+$C$27)*(1+(INT((VLOOKUP(VLOOKUP($A$2,干员属性!$A:$AB,24,FALSE),$B$3:$C$6,2,FALSE)/(1+$C$24)*(1+$C$24+SUM(_xlfn.XLOOKUP(L17:Z17,增益属性!$A:$A,增益属性!$O:$O,0)))))*0.5+INT(VLOOKUP(VLOOKUP($A$2,干员属性!$A:$AB,25,FALSE),$B$3:$C$6,2,FALSE)*(1+SUM(_xlfn.XLOOKUP(L17:Z17,增益属性!$A:$A,增益属性!$O:$O,0))))*0.2+(INT(IFERROR(VLOOKUP(VLOOKUP($A$2,干员属性!$A:$AB,26,FALSE),$B$3:$C$6,2,FALSE),0)/(1+$C$25)*(1+$C$25+SUM(_xlfn.XLOOKUP(L17:Z17,增益属性!$A:$A,增益属性!$O:$O,0))))+INT(IFERROR(VLOOKUP(VLOOKUP($A$2,干员属性!$A:$AB,27,FALSE),$B$3:$C$6,2,FALSE),0)*(1+SUM(_xlfn.XLOOKUP(L17:Z17,增益属性!$A:$A,增益属性!$O:$O,0)))))*VLOOKUP($A$2,干员属性!$A:$AB,28,FALSE))/100)} -> 6896.898 | AD17: {=$C$10+VLOOKUP(K17,技能属性!$A:$Z,3,FALSE)+SUM(_xlfn.XLOOKUP(L17:Z17,增益属性!$A:$A,增益属性!$B:$B))} -> 0.16 | AE17: {=$C$11+VLOOKUP(K17,技能属性!$A:$AB,4,FALSE)+SUM(_xlfn.XLOOKUP(L17:Z17,增益属性!$A:$A,增益属性!$C:$C))} -> 1.5 | AF17: {=VLOOKUP(VLOOKUP(K17,技能属性!$A:$Z,5,FALSE),$B$14:$C$18,2,FALSE)+SUM(_xlfn.XLOOKUP(L17:Z17,增益属性!$A:$A,增益属性!$D:$D))+SUM(_xlfn.XLOOKUP(L17:Z17,增益属性!$A:$A,增益属性!$E:$E))+IF(VLOOKUP(K17,技能属性!$A:$Z,6,FALSE)="无",0,VLOOKUP(VLOOKUP(K17,技能属性!$A:$Z,6,FALSE),$B$20:$C$23,2,FALSE))+IF(VLOOKUP(K17,技能属性!$A:$Z,7,FALSE)=0,0,$C$19)} -> 0.7045 | AG17: {=IF(VLOOKUP(K17,技能属性!$A:$Z,8,FALSE)=0,0,$C$12+SUM(_xlfn.XLOOKUP(L17:Z17,增益属性!$A:$A,增益属性!$F:$F)))} -> 0 | AH17: {=VLOOKUP(K17,技能属性!$A:$Z,9,FALSE)+SUM(_xlfn.XLOOKUP(L17:Z17,增益属性!$A:$A,增益属性!$G:$G))} -> 0 | AI17: {=VLOOKUP(K17,技能属性!$A:$Z,10,FALSE)+SUM(_xlfn.XLOOKUP(L17:Z17,增益属性!$A:$A,增益属性!$H:$H))} -> 0 | AJ17: {=VLOOKUP(K17,技能属性!$A:$Z,11,FALSE)+SUM(_xlfn.XLOOKUP(L17:Z17,增益属性!$A:$A,增益属性!$I:$I))} -> 0 | AK17: {=VLOOKUP(K17,技能属性!$A:$Z,12,FALSE)+SUM(_xlfn.XLOOKUP(L17:Z17,增益属性!$A:$A,增益属性!$J:$J))} -> 0 | AL17: {=VLOOKUP(K17,技能属性!$A:$Z,13,FALSE)+SUM(_xlfn.XLOOKUP(L17:Z17,增益属性!$A:$A,增益属性!$K:$K))} -> 0 | AM17: {=VLOOKUP(K17,技能属性!$A:$Z,14,FALSE)+SUM(_xlfn.XLOOKUP(L17:Z17,增益属性!$A:$A,增益属性!$L:$L))} -> 0 | AN17: {=VLOOKUP(K17,技能属性!$A:$Z,15,FALSE)+SUM(_xlfn.XLOOKUP(L17:Z17,增益属性!$A:$A,增益属性!$M:$M))} -> 0
B18: 自然加成 | C18: =VLOOKUP($A$2,干员属性!$A:$AG,15,FALSE)+VLOOKUP($A$4,武器属性!$A:$AB,17,FALSE)+VLOOKUP($A$6,护甲属性!$A:$Z,15,FALSE)+VLOOKUP($A$8,护手属性!$A:$Z,15,FALSE)+VLOOKUP($A$10,配件属性!$A:$Z,15,FALSE)+VLOOKUP($A$12,配件属性!$A:$Z,15,FALSE)+VLOOKUP($A$14,套装属性!$A:$Z,15,FALSE)+VLOOKUP($A$16,食物属性!$A:$Z,15,FALSE) -> 0 | G18: =AA18*AC18*(1+AF18)*(1+AG18)*(1+AH18)*(1+AI18)*(1+AJ18)*(1+AK18)*(1-$D$2+AL18)*(1+AM18)*(1+AN18)*0.5*AE18*J18 -> 0 | H18: =AA18*AC18*(1+AF18)*(1+AG18)*(1+AH18)*(1+AI18)*(1+AJ18)*(1+AK18)*(1-$D$2+AL18)*(1+AM18)*(1+AN18)*0.5*J18 -> 0 | I18: =AA18*AC18*(1+AF18)*(1+AG18)*(1+AH18)*(1+AI18)*(1+AJ18)*(1+AK18)*(1-$D$2+AL18)*(1+AM18)*(1+AN18)*0.5*(AE18*AD18+(1-AD18))*J18 -> 0 | J18: 1 | K18: N/a | L18: N/a | M18: N/a | N18: N/a | O18: N/a | P18: N/a | Q18: N/a | R18: N/a | S18: N/a | T18: N/a | U18: N/a | V18: N/a | W18: N/a | X18: N/a | Y18: N/a | Z18: N/a | AA18: =VLOOKUP(K18,技能属性!$A:$AB,2,FALSE) -> 0 | AB18: {=$C$8+SUM(_xlfn.XLOOKUP(L18:Z18,增益属性!$A:$A,增益属性!$N:$N,0))} -> 0.47 | AC18: {=($C$7*(1+AB18)+$C$27)*(1+(INT((VLOOKUP(VLOOKUP($A$2,干员属性!$A:$AB,24,FALSE),$B$3:$C$6,2,FALSE)/(1+$C$24)*(1+$C$24+SUM(_xlfn.XLOOKUP(L18:Z18,增益属性!$A:$A,增益属性!$O:$O,0)))))*0.5+INT(VLOOKUP(VLOOKUP($A$2,干员属性!$A:$AB,25,FALSE),$B$3:$C$6,2,FALSE)*(1+SUM(_xlfn.XLOOKUP(L18:Z18,增益属性!$A:$A,增益属性!$O:$O,0))))*0.2+(INT(IFERROR(VLOOKUP(VLOOKUP($A$2,干员属性!$A:$AB,26,FALSE),$B$3:$C$6,2,FALSE),0)/(1+$C$25)*(1+$C$25+SUM(_xlfn.XLOOKUP(L18:Z18,增益属性!$A:$A,增益属性!$O:$O,0))))+INT(IFERROR(VLOOKUP(VLOOKUP($A$2,干员属性!$A:$AB,27,FALSE),$B$3:$C$6,2,FALSE),0)*(1+SUM(_xlfn.XLOOKUP(L18:Z18,增益属性!$A:$A,增益属性!$O:$O,0)))))*VLOOKUP($A$2,干员属性!$A:$AB,28,FALSE))/100)} -> 6896.898 | AD18: {=$C$10+VLOOKUP(K18,技能属性!$A:$Z,3,FALSE)+SUM(_xlfn.XLOOKUP(L18:Z18,增益属性!$A:$A,增益属性!$B:$B))} -> 0.16 | AE18: {=$C$11+VLOOKUP(K18,技能属性!$A:$AB,4,FALSE)+SUM(_xlfn.XLOOKUP(L18:Z18,增益属性!$A:$A,增益属性!$C:$C))} -> 1.5 | AF18: {=VLOOKUP(VLOOKUP(K18,技能属性!$A:$Z,5,FALSE),$B$14:$C$18,2,FALSE)+SUM(_xlfn.XLOOKUP(L18:Z18,增益属性!$A:$A,增益属性!$D:$D))+SUM(_xlfn.XLOOKUP(L18:Z18,增益属性!$A:$A,增益属性!$E:$E))+IF(VLOOKUP(K18,技能属性!$A:$Z,6,FALSE)="无",0,VLOOKUP(VLOOKUP(K18,技能属性!$A:$Z,6,FALSE),$B$20:$C$23,2,FALSE))+IF(VLOOKUP(K18,技能属性!$A:$Z,7,FALSE)=0,0,$C$19)} -> 0.7045 | AG18: {=IF(VLOOKUP(K18,技能属性!$A:$Z,8,FALSE)=0,0,$C$12+SUM(_xlfn.XLOOKUP(L18:Z18,增益属性!$A:$A,增益属性!$F:$F)))} -> 0 | AH18: {=VLOOKUP(K18,技能属性!$A:$Z,9,FALSE)+SUM(_xlfn.XLOOKUP(L18:Z18,增益属性!$A:$A,增益属性!$G:$G))} -> 0 | AI18: {=VLOOKUP(K18,技能属性!$A:$Z,10,FALSE)+SUM(_xlfn.XLOOKUP(L18:Z18,增益属性!$A:$A,增益属性!$H:$H))} -> 0 | AJ18: {=VLOOKUP(K18,技能属性!$A:$Z,11,FALSE)+SUM(_xlfn.XLOOKUP(L18:Z18,增益属性!$A:$A,增益属性!$I:$I))} -> 0 | AK18: {=VLOOKUP(K18,技能属性!$A:$Z,12,FALSE)+SUM(_xlfn.XLOOKUP(L18:Z18,增益属性!$A:$A,增益属性!$J:$J))} -> 0 | AL18: {=VLOOKUP(K18,技能属性!$A:$Z,13,FALSE)+SUM(_xlfn.XLOOKUP(L18:Z18,增益属性!$A:$A,增益属性!$K:$K))} -> 0 | AM18: {=VLOOKUP(K18,技能属性!$A:$Z,14,FALSE)+SUM(_xlfn.XLOOKUP(L18:Z18,增益属性!$A:$A,增益属性!$L:$L))} -> 0 | AN18: {=VLOOKUP(K18,技能属性!$A:$Z,15,FALSE)+SUM(_xlfn.XLOOKUP(L18:Z18,增益属性!$A:$A,增益属性!$M:$M))} -> 0
B19: 失衡加成 | C19: =VLOOKUP($A$2,干员属性!$A:$AG,17,FALSE)+VLOOKUP($A$4,武器属性!$A:$AB,19,FALSE)+VLOOKUP($A$6,护甲属性!$A:$Z,17,FALSE)+VLOOKUP($A$8,护手属性!$A:$Z,17,FALSE)+VLOOKUP($A$10,配件属性!$A:$Z,17,FALSE)+VLOOKUP($A$12,配件属性!$A:$Z,17,FALSE)+VLOOKUP($A$14,套装属性!$A:$Z,17,FALSE)+VLOOKUP($A$16,食物属性!$A:$Z,17,FALSE) -> 0 | G19: =AA19*AC19*(1+AF19)*(1+AG19)*(1+AH19)*(1+AI19)*(1+AJ19)*(1+AK19)*(1-$D$2+AL19)*(1+AM19)*(1+AN19)*0.5*AE19*J19 -> 0 | H19: =AA19*AC19*(1+AF19)*(1+AG19)*(1+AH19)*(1+AI19)*(1+AJ19)*(1+AK19)*(1-$D$2+AL19)*(1+AM19)*(1+AN19)*0.5*J19 -> 0 | I19: =AA19*AC19*(1+AF19)*(1+AG19)*(1+AH19)*(1+AI19)*(1+AJ19)*(1+AK19)*(1-$D$2+AL19)*(1+AM19)*(1+AN19)*0.5*(AE19*AD19+(1-AD19))*J19 -> 0 | J19: 1 | K19: N/a | L19: N/a | M19: N/a | N19: N/a | O19: N/a | P19: N/a | Q19: N/a | R19: N/a | S19: N/a | T19: N/a | U19: N/a | V19: N/a | W19: N/a | X19: N/a | Y19: N/a | Z19: N/a | AA19: =VLOOKUP(K19,技能属性!$A:$AB,2,FALSE) -> 0 | AB19: {=$C$8+SUM(_xlfn.XLOOKUP(L19:Z19,增益属性!$A:$A,增益属性!$N:$N,0))} -> 0.47 | AC19: {=($C$7*(1+AB19)+$C$27)*(1+(INT((VLOOKUP(VLOOKUP($A$2,干员属性!$A:$AB,24,FALSE),$B$3:$C$6,2,FALSE)/(1+$C$24)*(1+$C$24+SUM(_xlfn.XLOOKUP(L19:Z19,增益属性!$A:$A,增益属性!$O:$O,0)))))*0.5+INT(VLOOKUP(VLOOKUP($A$2,干员属性!$A:$AB,25,FALSE),$B$3:$C$6,2,FALSE)*(1+SUM(_xlfn.XLOOKUP(L19:Z19,增益属性!$A:$A,增益属性!$O:$O,0))))*0.2+(INT(IFERROR(VLOOKUP(VLOOKUP($A$2,干员属性!$A:$AB,26,FALSE),$B$3:$C$6,2,FALSE),0)/(1+$C$25)*(1+$C$25+SUM(_xlfn.XLOOKUP(L19:Z19,增益属性!$A:$A,增益属性!$O:$O,0))))+INT(IFERROR(VLOOKUP(VLOOKUP($A$2,干员属性!$A:$AB,27,FALSE),$B$3:$C$6,2,FALSE),0)*(1+SUM(_xlfn.XLOOKUP(L19:Z19,增益属性!$A:$A,增益属性!$O:$O,0)))))*VLOOKUP($A$2,干员属性!$A:$AB,28,FALSE))/100)} -> 6896.898 | AD19: {=$C$10+VLOOKUP(K19,技能属性!$A:$Z,3,FALSE)+SUM(_xlfn.XLOOKUP(L19:Z19,增益属性!$A:$A,增益属性!$B:$B))} -> 0.16 | AE19: {=$C$11+VLOOKUP(K19,技能属性!$A:$AB,4,FALSE)+SUM(_xlfn.XLOOKUP(L19:Z19,增益属性!$A:$A,增益属性!$C:$C))} -> 1.5 | AF19: {=VLOOKUP(VLOOKUP(K19,技能属性!$A:$Z,5,FALSE),$B$14:$C$18,2,FALSE)+SUM(_xlfn.XLOOKUP(L19:Z19,增益属性!$A:$A,增益属性!$D:$D))+SUM(_xlfn.XLOOKUP(L19:Z19,增益属性!$A:$A,增益属性!$E:$E))+IF(VLOOKUP(K19,技能属性!$A:$Z,6,FALSE)="无",0,VLOOKUP(VLOOKUP(K19,技能属性!$A:$Z,6,FALSE),$B$20:$C$23,2,FALSE))+IF(VLOOKUP(K19,技能属性!$A:$Z,7,FALSE)=0,0,$C$19)} -> 0.7045 | AG19: {=IF(VLOOKUP(K19,技能属性!$A:$Z,8,FALSE)=0,0,$C$12+SUM(_xlfn.XLOOKUP(L19:Z19,增益属性!$A:$A,增益属性!$F:$F)))} -> 0 | AH19: {=VLOOKUP(K19,技能属性!$A:$Z,9,FALSE)+SUM(_xlfn.XLOOKUP(L19:Z19,增益属性!$A:$A,增益属性!$G:$G))} -> 0 | AI19: {=VLOOKUP(K19,技能属性!$A:$Z,10,FALSE)+SUM(_xlfn.XLOOKUP(L19:Z19,增益属性!$A:$A,增益属性!$H:$H))} -> 0 | AJ19: {=VLOOKUP(K19,技能属性!$A:$Z,11,FALSE)+SUM(_xlfn.XLOOKUP(L19:Z19,增益属性!$A:$A,增益属性!$I:$I))} -> 0 | AK19: {=VLOOKUP(K19,技能属性!$A:$Z,12,FALSE)+SUM(_xlfn.XLOOKUP(L19:Z19,增益属性!$A:$A,增益属性!$J:$J))} -> 0 | AL19: {=VLOOKUP(K19,技能属性!$A:$Z,13,FALSE)+SUM(_xlfn.XLOOKUP(L19:Z19,增益属性!$A:$A,增益属性!$K:$K))} -> 0 | AM19: {=VLOOKUP(K19,技能属性!$A:$Z,14,FALSE)+SUM(_xlfn.XLOOKUP(L19:Z19,增益属性!$A:$A,增益属性!$L:$L))} -> 0 | AN19: {=VLOOKUP(K19,技能属性!$A:$Z,15,FALSE)+SUM(_xlfn.XLOOKUP(L19:Z19,增益属性!$A:$A,增益属性!$M:$M))} -> 0
B20: 普攻加成 | C20: =VLOOKUP($A$2,干员属性!$A:$AG,16,FALSE)+VLOOKUP($A$4,武器属性!$A:$AB,18,FALSE)+VLOOKUP($A$6,护甲属性!$A:$Z,16,FALSE)+VLOOKUP($A$8,护手属性!$A:$Z,16,FALSE)+VLOOKUP($A$10,配件属性!$A:$Z,16,FALSE)+VLOOKUP($A$12,配件属性!$A:$Z,16,FALSE)+VLOOKUP($A$14,套装属性!$A:$Z,16,FALSE)+VLOOKUP($A$16,食物属性!$A:$Z,16,FALSE) -> 0 | G20: =AA20*AC20*(1+AF20)*(1+AG20)*(1+AH20)*(1+AI20)*(1+AJ20)*(1+AK20)*(1-$D$2+AL20)*(1+AM20)*(1+AN20)*0.5*AE20*J20 -> 0 | H20: =AA20*AC20*(1+AF20)*(1+AG20)*(1+AH20)*(1+AI20)*(1+AJ20)*(1+AK20)*(1-$D$2+AL20)*(1+AM20)*(1+AN20)*0.5*J20 -> 0 | I20: =AA20*AC20*(1+AF20)*(1+AG20)*(1+AH20)*(1+AI20)*(1+AJ20)*(1+AK20)*(1-$D$2+AL20)*(1+AM20)*(1+AN20)*0.5*(AE20*AD20+(1-AD20))*J20 -> 0 | J20: 1 | K20: N/a | L20: N/a | M20: N/a | N20: N/a | O20: N/a | P20: N/a | Q20: N/a | R20: N/a | S20: N/a | T20: N/a | U20: N/a | V20: N/a | W20: N/a | X20: N/a | Y20: N/a | Z20: N/a | AA20: =VLOOKUP(K20,技能属性!$A:$AB,2,FALSE) -> 0 | AB20: {=$C$8+SUM(_xlfn.XLOOKUP(L20:Z20,增益属性!$A:$A,增益属性!$N:$N,0))} -> 0.47 | AC20: {=($C$7*(1+AB20)+$C$27)*(1+(INT((VLOOKUP(VLOOKUP($A$2,干员属性!$A:$AB,24,FALSE),$B$3:$C$6,2,FALSE)/(1+$C$24)*(1+$C$24+SUM(_xlfn.XLOOKUP(L20:Z20,增益属性!$A:$A,增益属性!$O:$O,0)))))*0.5+INT(VLOOKUP(VLOOKUP($A$2,干员属性!$A:$AB,25,FALSE),$B$3:$C$6,2,FALSE)*(1+SUM(_xlfn.XLOOKUP(L20:Z20,增益属性!$A:$A,增益属性!$O:$O,0))))*0.2+(INT(IFERROR(VLOOKUP(VLOOKUP($A$2,干员属性!$A:$AB,26,FALSE),$B$3:$C$6,2,FALSE),0)/(1+$C$25)*(1+$C$25+SUM(_xlfn.XLOOKUP(L20:Z20,增益属性!$A:$A,增益属性!$O:$O,0))))+INT(IFERROR(VLOOKUP(VLOOKUP($A$2,干员属性!$A:$AB,27,FALSE),$B$3:$C$6,2,FALSE),0)*(1+SUM(_xlfn.XLOOKUP(L20:Z20,增益属性!$A:$A,增益属性!$O:$O,0)))))*VLOOKUP($A$2,干员属性!$A:$AB,28,FALSE))/100)} -> 6896.898 | AD20: {=$C$10+VLOOKUP(K20,技能属性!$A:$Z,3,FALSE)+SUM(_xlfn.XLOOKUP(L20:Z20,增益属性!$A:$A,增益属性!$B:$B))} -> 0.16 | AE20: {=$C$11+VLOOKUP(K20,技能属性!$A:$AB,4,FALSE)+SUM(_xlfn.XLOOKUP(L20:Z20,增益属性!$A:$A,增益属性!$C:$C))} -> 1.5 | AF20: {=VLOOKUP(VLOOKUP(K20,技能属性!$A:$Z,5,FALSE),$B$14:$C$18,2,FALSE)+SUM(_xlfn.XLOOKUP(L20:Z20,增益属性!$A:$A,增益属性!$D:$D))+SUM(_xlfn.XLOOKUP(L20:Z20,增益属性!$A:$A,增益属性!$E:$E))+IF(VLOOKUP(K20,技能属性!$A:$Z,6,FALSE)="无",0,VLOOKUP(VLOOKUP(K20,技能属性!$A:$Z,6,FALSE),$B$20:$C$23,2,FALSE))+IF(VLOOKUP(K20,技能属性!$A:$Z,7,FALSE)=0,0,$C$19)} -> 0.7045 | AG20: {=IF(VLOOKUP(K20,技能属性!$A:$Z,8,FALSE)=0,0,$C$12+SUM(_xlfn.XLOOKUP(L20:Z20,增益属性!$A:$A,增益属性!$F:$F)))} -> 0 | AH20: {=VLOOKUP(K20,技能属性!$A:$Z,9,FALSE)+SUM(_xlfn.XLOOKUP(L20:Z20,增益属性!$A:$A,增益属性!$G:$G))} -> 0 | AI20: {=VLOOKUP(K20,技能属性!$A:$Z,10,FALSE)+SUM(_xlfn.XLOOKUP(L20:Z20,增益属性!$A:$A,增益属性!$H:$H))} -> 0 | AJ20: {=VLOOKUP(K20,技能属性!$A:$Z,11,FALSE)+SUM(_xlfn.XLOOKUP(L20:Z20,增益属性!$A:$A,增益属性!$I:$I))} -> 0 | AK20: {=VLOOKUP(K20,技能属性!$A:$Z,12,FALSE)+SUM(_xlfn.XLOOKUP(L20:Z20,增益属性!$A:$A,增益属性!$J:$J))} -> 0 | AL20: {=VLOOKUP(K20,技能属性!$A:$Z,13,FALSE)+SUM(_xlfn.XLOOKUP(L20:Z20,增益属性!$A:$A,增益属性!$K:$K))} -> 0 | AM20: {=VLOOKUP(K20,技能属性!$A:$Z,14,FALSE)+SUM(_xlfn.XLOOKUP(L20:Z20,增益属性!$A:$A,增益属性!$L:$L))} -> 0 | AN20: {=VLOOKUP(K20,技能属性!$A:$Z,15,FALSE)+SUM(_xlfn.XLOOKUP(L20:Z20,增益属性!$A:$A,增益属性!$M:$M))} -> 0
B21: 战技加成 | C21: =VLOOKUP($A$2,干员属性!$A:$AG,18,FALSE)+VLOOKUP($A$4,武器属性!$A:$AB,20,FALSE)+VLOOKUP($A$6,护甲属性!$A:$Z,18,FALSE)+VLOOKUP($A$8,护手属性!$A:$Z,18,FALSE)+VLOOKUP($A$10,配件属性!$A:$Z,18,FALSE)+VLOOKUP($A$12,配件属性!$A:$Z,18,FALSE)+VLOOKUP($A$14,套装属性!$A:$Z,18,FALSE)+VLOOKUP($A$16,食物属性!$A:$Z,18,FALSE) -> 0 | G21: =AA21*AC21*(1+AF21)*(1+AG21)*(1+AH21)*(1+AI21)*(1+AJ21)*(1+AK21)*(1-$D$2+AL21)*(1+AM21)*(1+AN21)*0.5*AE21*J21 -> 0 | H21: =AA21*AC21*(1+AF21)*(1+AG21)*(1+AH21)*(1+AI21)*(1+AJ21)*(1+AK21)*(1-$D$2+AL21)*(1+AM21)*(1+AN21)*0.5*J21 -> 0 | I21: =AA21*AC21*(1+AF21)*(1+AG21)*(1+AH21)*(1+AI21)*(1+AJ21)*(1+AK21)*(1-$D$2+AL21)*(1+AM21)*(1+AN21)*0.5*(AE21*AD21+(1-AD21))*J21 -> 0 | J21: 1 | K21: N/a | L21: N/a | M21: N/a | N21: N/a | O21: N/a | P21: N/a | Q21: N/a | R21: N/a | S21: N/a | T21: N/a | U21: N/a | V21: N/a | W21: N/a | X21: N/a | Y21: N/a | Z21: N/a | AA21: =VLOOKUP(K21,技能属性!$A:$AB,2,FALSE) -> 0 | AB21: {=$C$8+SUM(_xlfn.XLOOKUP(L21:Z21,增益属性!$A:$A,增益属性!$N:$N,0))} -> 0.47 | AC21: {=($C$7*(1+AB21)+$C$27)*(1+(INT((VLOOKUP(VLOOKUP($A$2,干员属性!$A:$AB,24,FALSE),$B$3:$C$6,2,FALSE)/(1+$C$24)*(1+$C$24+SUM(_xlfn.XLOOKUP(L21:Z21,增益属性!$A:$A,增益属性!$O:$O,0)))))*0.5+INT(VLOOKUP(VLOOKUP($A$2,干员属性!$A:$AB,25,FALSE),$B$3:$C$6,2,FALSE)*(1+SUM(_xlfn.XLOOKUP(L21:Z21,增益属性!$A:$A,增益属性!$O:$O,0))))*0.2+(INT(IFERROR(VLOOKUP(VLOOKUP($A$2,干员属性!$A:$AB,26,FALSE),$B$3:$C$6,2,FALSE),0)/(1+$C$25)*(1+$C$25+SUM(_xlfn.XLOOKUP(L21:Z21,增益属性!$A:$A,增益属性!$O:$O,0))))+INT(IFERROR(VLOOKUP(VLOOKUP($A$2,干员属性!$A:$AB,27,FALSE),$B$3:$C$6,2,FALSE),0)*(1+SUM(_xlfn.XLOOKUP(L21:Z21,增益属性!$A:$A,增益属性!$O:$O,0)))))*VLOOKUP($A$2,干员属性!$A:$AB,28,FALSE))/100)} -> 6896.898 | AD21: {=$C$10+VLOOKUP(K21,技能属性!$A:$Z,3,FALSE)+SUM(_xlfn.XLOOKUP(L21:Z21,增益属性!$A:$A,增益属性!$B:$B))} -> 0.16 | AE21: {=$C$11+VLOOKUP(K21,技能属性!$A:$AB,4,FALSE)+SUM(_xlfn.XLOOKUP(L21:Z21,增益属性!$A:$A,增益属性!$C:$C))} -> 1.5 | AF21: {=VLOOKUP(VLOOKUP(K21,技能属性!$A:$Z,5,FALSE),$B$14:$C$18,2,FALSE)+SUM(_xlfn.XLOOKUP(L21:Z21,增益属性!$A:$A,增益属性!$D:$D))+SUM(_xlfn.XLOOKUP(L21:Z21,增益属性!$A:$A,增益属性!$E:$E))+IF(VLOOKUP(K21,技能属性!$A:$Z,6,FALSE)="无",0,VLOOKUP(VLOOKUP(K21,技能属性!$A:$Z,6,FALSE),$B$20:$C$23,2,FALSE))+IF(VLOOKUP(K21,技能属性!$A:$Z,7,FALSE)=0,0,$C$19)} -> 0.7045 | AG21: {=IF(VLOOKUP(K21,技能属性!$A:$Z,8,FALSE)=0,0,$C$12+SUM(_xlfn.XLOOKUP(L21:Z21,增益属性!$A:$A,增益属性!$F:$F)))} -> 0 | AH21: {=VLOOKUP(K21,技能属性!$A:$Z,9,FALSE)+SUM(_xlfn.XLOOKUP(L21:Z21,增益属性!$A:$A,增益属性!$G:$G))} -> 0 | AI21: {=VLOOKUP(K21,技能属性!$A:$Z,10,FALSE)+SUM(_xlfn.XLOOKUP(L21:Z21,增益属性!$A:$A,增益属性!$H:$H))} -> 0 | AJ21: {=VLOOKUP(K21,技能属性!$A:$Z,11,FALSE)+SUM(_xlfn.XLOOKUP(L21:Z21,增益属性!$A:$A,增益属性!$I:$I))} -> 0 | AK21: {=VLOOKUP(K21,技能属性!$A:$Z,12,FALSE)+SUM(_xlfn.XLOOKUP(L21:Z21,增益属性!$A:$A,增益属性!$J:$J))} -> 0 | AL21: {=VLOOKUP(K21,技能属性!$A:$Z,13,FALSE)+SUM(_xlfn.XLOOKUP(L21:Z21,增益属性!$A:$A,增益属性!$K:$K))} -> 0 | AM21: {=VLOOKUP(K21,技能属性!$A:$Z,14,FALSE)+SUM(_xlfn.XLOOKUP(L21:Z21,增益属性!$A:$A,增益属性!$L:$L))} -> 0 | AN21: {=VLOOKUP(K21,技能属性!$A:$Z,15,FALSE)+SUM(_xlfn.XLOOKUP(L21:Z21,增益属性!$A:$A,增益属性!$M:$M))} -> 0
B22: 连携技加成 | C22: =VLOOKUP($A$2,干员属性!$A:$AG,19,FALSE)+VLOOKUP($A$4,武器属性!$A:$AB,21,FALSE)+VLOOKUP($A$6,护甲属性!$A:$Z,19,FALSE)+VLOOKUP($A$8,护手属性!$A:$Z,19,FALSE)+VLOOKUP($A$10,配件属性!$A:$Z,19,FALSE)+VLOOKUP($A$12,配件属性!$A:$Z,19,FALSE)+VLOOKUP($A$14,套装属性!$A:$Z,19,FALSE)+VLOOKUP($A$16,食物属性!$A:$Z,19,FALSE) -> 0 | G22: =AA22*AC22*(1+AF22)*(1+AG22)*(1+AH22)*(1+AI22)*(1+AJ22)*(1+AK22)*(1-$D$2+AL22)*(1+AM22)*(1+AN22)*0.5*AE22*J22 -> 0 | H22: =AA22*AC22*(1+AF22)*(1+AG22)*(1+AH22)*(1+AI22)*(1+AJ22)*(1+AK22)*(1-$D$2+AL22)*(1+AM22)*(1+AN22)*0.5*J22 -> 0 | I22: =AA22*AC22*(1+AF22)*(1+AG22)*(1+AH22)*(1+AI22)*(1+AJ22)*(1+AK22)*(1-$D$2+AL22)*(1+AM22)*(1+AN22)*0.5*(AE22*AD22+(1-AD22))*J22 -> 0 | J22: 1 | K22: N/a | L22: N/a | M22: N/a | N22: N/a | O22: N/a | P22: N/a | Q22: N/a | R22: N/a | S22: N/a | T22: N/a | U22: N/a | V22: N/a | W22: N/a | X22: N/a | Y22: N/a | Z22: N/a | AA22: =VLOOKUP(K22,技能属性!$A:$AB,2,FALSE) -> 0 | AB22: {=$C$8+SUM(_xlfn.XLOOKUP(L22:Z22,增益属性!$A:$A,增益属性!$N:$N,0))} -> 0.47 | AC22: {=($C$7*(1+AB22)+$C$27)*(1+(INT((VLOOKUP(VLOOKUP($A$2,干员属性!$A:$AB,24,FALSE),$B$3:$C$6,2,FALSE)/(1+$C$24)*(1+$C$24+SUM(_xlfn.XLOOKUP(L22:Z22,增益属性!$A:$A,增益属性!$O:$O,0)))))*0.5+INT(VLOOKUP(VLOOKUP($A$2,干员属性!$A:$AB,25,FALSE),$B$3:$C$6,2,FALSE)*(1+SUM(_xlfn.XLOOKUP(L22:Z22,增益属性!$A:$A,增益属性!$O:$O,0))))*0.2+(INT(IFERROR(VLOOKUP(VLOOKUP($A$2,干员属性!$A:$AB,26,FALSE),$B$3:$C$6,2,FALSE),0)/(1+$C$25)*(1+$C$25+SUM(_xlfn.XLOOKUP(L22:Z22,增益属性!$A:$A,增益属性!$O:$O,0))))+INT(IFERROR(VLOOKUP(VLOOKUP($A$2,干员属性!$A:$AB,27,FALSE),$B$3:$C$6,2,FALSE),0)*(1+SUM(_xlfn.XLOOKUP(L22:Z22,增益属性!$A:$A,增益属性!$O:$O,0)))))*VLOOKUP($A$2,干员属性!$A:$AB,28,FALSE))/100)} -> 6896.898 | AD22: {=$C$10+VLOOKUP(K22,技能属性!$A:$Z,3,FALSE)+SUM(_xlfn.XLOOKUP(L22:Z22,增益属性!$A:$A,增益属性!$B:$B))} -> 0.16 | AE22: {=$C$11+VLOOKUP(K22,技能属性!$A:$AB,4,FALSE)+SUM(_xlfn.XLOOKUP(L22:Z22,增益属性!$A:$A,增益属性!$C:$C))} -> 1.5 | AF22: {=VLOOKUP(VLOOKUP(K22,技能属性!$A:$Z,5,FALSE),$B$14:$C$18,2,FALSE)+SUM(_xlfn.XLOOKUP(L22:Z22,增益属性!$A:$A,增益属性!$D:$D))+SUM(_xlfn.XLOOKUP(L22:Z22,增益属性!$A:$A,增益属性!$E:$E))+IF(VLOOKUP(K22,技能属性!$A:$Z,6,FALSE)="无",0,VLOOKUP(VLOOKUP(K22,技能属性!$A:$Z,6,FALSE),$B$20:$C$23,2,FALSE))+IF(VLOOKUP(K22,技能属性!$A:$Z,7,FALSE)=0,0,$C$19)} -> 0.7045 | AG22: {=IF(VLOOKUP(K22,技能属性!$A:$Z,8,FALSE)=0,0,$C$12+SUM(_xlfn.XLOOKUP(L22:Z22,增益属性!$A:$A,增益属性!$F:$F)))} -> 0 | AH22: {=VLOOKUP(K22,技能属性!$A:$Z,9,FALSE)+SUM(_xlfn.XLOOKUP(L22:Z22,增益属性!$A:$A,增益属性!$G:$G))} -> 0 | AI22: {=VLOOKUP(K22,技能属性!$A:$Z,10,FALSE)+SUM(_xlfn.XLOOKUP(L22:Z22,增益属性!$A:$A,增益属性!$H:$H))} -> 0 | AJ22: {=VLOOKUP(K22,技能属性!$A:$Z,11,FALSE)+SUM(_xlfn.XLOOKUP(L22:Z22,增益属性!$A:$A,增益属性!$I:$I))} -> 0 | AK22: {=VLOOKUP(K22,技能属性!$A:$Z,12,FALSE)+SUM(_xlfn.XLOOKUP(L22:Z22,增益属性!$A:$A,增益属性!$J:$J))} -> 0 | AL22: {=VLOOKUP(K22,技能属性!$A:$Z,13,FALSE)+SUM(_xlfn.XLOOKUP(L22:Z22,增益属性!$A:$A,增益属性!$K:$K))} -> 0 | AM22: {=VLOOKUP(K22,技能属性!$A:$Z,14,FALSE)+SUM(_xlfn.XLOOKUP(L22:Z22,增益属性!$A:$A,增益属性!$L:$L))} -> 0 | AN22: {=VLOOKUP(K22,技能属性!$A:$Z,15,FALSE)+SUM(_xlfn.XLOOKUP(L22:Z22,增益属性!$A:$A,增益属性!$M:$M))} -> 0
B23: 终结技加成 | C23: =VLOOKUP($A$2,干员属性!$A:$AG,20,FALSE)+VLOOKUP($A$4,武器属性!$A:$AB,22,FALSE)+VLOOKUP($A$6,护甲属性!$A:$Z,20,FALSE)+VLOOKUP($A$8,护手属性!$A:$Z,20,FALSE)+VLOOKUP($A$10,配件属性!$A:$Z,20,FALSE)+VLOOKUP($A$12,配件属性!$A:$Z,20,FALSE)+VLOOKUP($A$14,套装属性!$A:$Z,20,FALSE)+VLOOKUP($A$16,食物属性!$A:$Z,20,FALSE) -> 0 | G23: =AA23*AC23*(1+AF23)*(1+AG23)*(1+AH23)*(1+AI23)*(1+AJ23)*(1+AK23)*(1-$D$2+AL23)*(1+AM23)*(1+AN23)*0.5*AE23*J23 -> 0 | H23: =AA23*AC23*(1+AF23)*(1+AG23)*(1+AH23)*(1+AI23)*(1+AJ23)*(1+AK23)*(1-$D$2+AL23)*(1+AM23)*(1+AN23)*0.5*J23 -> 0 | I23: =AA23*AC23*(1+AF23)*(1+AG23)*(1+AH23)*(1+AI23)*(1+AJ23)*(1+AK23)*(1-$D$2+AL23)*(1+AM23)*(1+AN23)*0.5*(AE23*AD23+(1-AD23))*J23 -> 0 | J23: 1 | K23: N/a | L23: N/a | M23: N/a | N23: N/a | O23: N/a | P23: N/a | Q23: N/a | R23: N/a | S23: N/a | T23: N/a | U23: N/a | V23: N/a | W23: N/a | X23: N/a | Y23: N/a | Z23: N/a | AA23: =VLOOKUP(K23,技能属性!$A:$AB,2,FALSE) -> 0 | AB23: {=$C$8+SUM(_xlfn.XLOOKUP(L23:Z23,增益属性!$A:$A,增益属性!$N:$N,0))} -> 0.47 | AC23: {=($C$7*(1+AB23)+$C$27)*(1+(INT((VLOOKUP(VLOOKUP($A$2,干员属性!$A:$AB,24,FALSE),$B$3:$C$6,2,FALSE)/(1+$C$24)*(1+$C$24+SUM(_xlfn.XLOOKUP(L23:Z23,增益属性!$A:$A,增益属性!$O:$O,0)))))*0.5+INT(VLOOKUP(VLOOKUP($A$2,干员属性!$A:$AB,25,FALSE),$B$3:$C$6,2,FALSE)*(1+SUM(_xlfn.XLOOKUP(L23:Z23,增益属性!$A:$A,增益属性!$O:$O,0))))*0.2+(INT(IFERROR(VLOOKUP(VLOOKUP($A$2,干员属性!$A:$AB,26,FALSE),$B$3:$C$6,2,FALSE),0)/(1+$C$25)*(1+$C$25+SUM(_xlfn.XLOOKUP(L23:Z23,增益属性!$A:$A,增益属性!$O:$O,0))))+INT(IFERROR(VLOOKUP(VLOOKUP($A$2,干员属性!$A:$AB,27,FALSE),$B$3:$C$6,2,FALSE),0)*(1+SUM(_xlfn.XLOOKUP(L23:Z23,增益属性!$A:$A,增益属性!$O:$O,0)))))*VLOOKUP($A$2,干员属性!$A:$AB,28,FALSE))/100)} -> 6896.898 | AD23: {=$C$10+VLOOKUP(K23,技能属性!$A:$Z,3,FALSE)+SUM(_xlfn.XLOOKUP(L23:Z23,增益属性!$A:$A,增益属性!$B:$B))} -> 0.16 | AE23: {=$C$11+VLOOKUP(K23,技能属性!$A:$AB,4,FALSE)+SUM(_xlfn.XLOOKUP(L23:Z23,增益属性!$A:$A,增益属性!$C:$C))} -> 1.5 | AF23: {=VLOOKUP(VLOOKUP(K23,技能属性!$A:$Z,5,FALSE),$B$14:$C$18,2,FALSE)+SUM(_xlfn.XLOOKUP(L23:Z23,增益属性!$A:$A,增益属性!$D:$D))+SUM(_xlfn.XLOOKUP(L23:Z23,增益属性!$A:$A,增益属性!$E:$E))+IF(VLOOKUP(K23,技能属性!$A:$Z,6,FALSE)="无",0,VLOOKUP(VLOOKUP(K23,技能属性!$A:$Z,6,FALSE),$B$20:$C$23,2,FALSE))+IF(VLOOKUP(K23,技能属性!$A:$Z,7,FALSE)=0,0,$C$19)} -> 0.7045 | AG23: {=IF(VLOOKUP(K23,技能属性!$A:$Z,8,FALSE)=0,0,$C$12+SUM(_xlfn.XLOOKUP(L23:Z23,增益属性!$A:$A,增益属性!$F:$F)))} -> 0 | AH23: {=VLOOKUP(K23,技能属性!$A:$Z,9,FALSE)+SUM(_xlfn.XLOOKUP(L23:Z23,增益属性!$A:$A,增益属性!$G:$G))} -> 0 | AI23: {=VLOOKUP(K23,技能属性!$A:$Z,10,FALSE)+SUM(_xlfn.XLOOKUP(L23:Z23,增益属性!$A:$A,增益属性!$H:$H))} -> 0 | AJ23: {=VLOOKUP(K23,技能属性!$A:$Z,11,FALSE)+SUM(_xlfn.XLOOKUP(L23:Z23,增益属性!$A:$A,增益属性!$I:$I))} -> 0 | AK23: {=VLOOKUP(K23,技能属性!$A:$Z,12,FALSE)+SUM(_xlfn.XLOOKUP(L23:Z23,增益属性!$A:$A,增益属性!$J:$J))} -> 0 | AL23: {=VLOOKUP(K23,技能属性!$A:$Z,13,FALSE)+SUM(_xlfn.XLOOKUP(L23:Z23,增益属性!$A:$A,增益属性!$K:$K))} -> 0 | AM23: {=VLOOKUP(K23,技能属性!$A:$Z,14,FALSE)+SUM(_xlfn.XLOOKUP(L23:Z23,增益属性!$A:$A,增益属性!$L:$L))} -> 0 | AN23: {=VLOOKUP(K23,技能属性!$A:$Z,15,FALSE)+SUM(_xlfn.XLOOKUP(L23:Z23,增益属性!$A:$A,增益属性!$M:$M))} -> 0
B24: 主属性加成 | C24: =VLOOKUP($A$2,干员属性!$A:$AG,22,FALSE)+VLOOKUP($A$4,武器属性!$A:$AB,24,FALSE)+VLOOKUP($A$6,护甲属性!$A:$Z,22,FALSE)+VLOOKUP($A$8,护手属性!$A:$Z,22,FALSE)+VLOOKUP($A$10,配件属性!$A:$Z,22,FALSE)+VLOOKUP($A$12,配件属性!$A:$Z,22,FALSE)+VLOOKUP($A$14,套装属性!$A:$Z,22,FALSE)+VLOOKUP($A$16,食物属性!$A:$Z,22,FALSE) -> 0 | G24: =AA24*AC24*(1+AF24)*(1+AG24)*(1+AH24)*(1+AI24)*(1+AJ24)*(1+AK24)*(1-$D$2+AL24)*(1+AM24)*(1+AN24)*0.5*AE24*J24 -> 0 | H24: =AA24*AC24*(1+AF24)*(1+AG24)*(1+AH24)*(1+AI24)*(1+AJ24)*(1+AK24)*(1-$D$2+AL24)*(1+AM24)*(1+AN24)*0.5*J24 -> 0 | I24: =AA24*AC24*(1+AF24)*(1+AG24)*(1+AH24)*(1+AI24)*(1+AJ24)*(1+AK24)*(1-$D$2+AL24)*(1+AM24)*(1+AN24)*0.5*(AE24*AD24+(1-AD24))*J24 -> 0 | J24: 1 | K24: N/a | L24: N/a | M24: N/a | N24: N/a | O24: N/a | P24: N/a | Q24: N/a | R24: N/a | S24: N/a | T24: N/a | U24: N/a | V24: N/a | W24: N/a | X24: N/a | Y24: N/a | Z24: N/a | AA24: =VLOOKUP(K24,技能属性!$A:$AB,2,FALSE) -> 0 | AB24: {=$C$8+SUM(_xlfn.XLOOKUP(L24:Z24,增益属性!$A:$A,增益属性!$N:$N,0))} -> 0.47 | AC24: {=($C$7*(1+AB24)+$C$27)*(1+(INT((VLOOKUP(VLOOKUP($A$2,干员属性!$A:$AB,24,FALSE),$B$3:$C$6,2,FALSE)/(1+$C$24)*(1+$C$24+SUM(_xlfn.XLOOKUP(L24:Z24,增益属性!$A:$A,增益属性!$O:$O,0)))))*0.5+INT(VLOOKUP(VLOOKUP($A$2,干员属性!$A:$AB,25,FALSE),$B$3:$C$6,2,FALSE)*(1+SUM(_xlfn.XLOOKUP(L24:Z24,增益属性!$A:$A,增益属性!$O:$O,0))))*0.2+(INT(IFERROR(VLOOKUP(VLOOKUP($A$2,干员属性!$A:$AB,26,FALSE),$B$3:$C$6,2,FALSE),0)/(1+$C$25)*(1+$C$25+SUM(_xlfn.XLOOKUP(L24:Z24,增益属性!$A:$A,增益属性!$O:$O,0))))+INT(IFERROR(VLOOKUP(VLOOKUP($A$2,干员属性!$A:$AB,27,FALSE),$B$3:$C$6,2,FALSE),0)*(1+SUM(_xlfn.XLOOKUP(L24:Z24,增益属性!$A:$A,增益属性!$O:$O,0)))))*VLOOKUP($A$2,干员属性!$A:$AB,28,FALSE))/100)} -> 6896.898 | AD24: {=$C$10+VLOOKUP(K24,技能属性!$A:$Z,3,FALSE)+SUM(_xlfn.XLOOKUP(L24:Z24,增益属性!$A:$A,增益属性!$B:$B))} -> 0.16 | AE24: {=$C$11+VLOOKUP(K24,技能属性!$A:$AB,4,FALSE)+SUM(_xlfn.XLOOKUP(L24:Z24,增益属性!$A:$A,增益属性!$C:$C))} -> 1.5 | AF24: {=VLOOKUP(VLOOKUP(K24,技能属性!$A:$Z,5,FALSE),$B$14:$C$18,2,FALSE)+SUM(_xlfn.XLOOKUP(L24:Z24,增益属性!$A:$A,增益属性!$D:$D))+SUM(_xlfn.XLOOKUP(L24:Z24,增益属性!$A:$A,增益属性!$E:$E))+IF(VLOOKUP(K24,技能属性!$A:$Z,6,FALSE)="无",0,VLOOKUP(VLOOKUP(K24,技能属性!$A:$Z,6,FALSE),$B$20:$C$23,2,FALSE))+IF(VLOOKUP(K24,技能属性!$A:$Z,7,FALSE)=0,0,$C$19)} -> 0.7045 | AG24: {=IF(VLOOKUP(K24,技能属性!$A:$Z,8,FALSE)=0,0,$C$12+SUM(_xlfn.XLOOKUP(L24:Z24,增益属性!$A:$A,增益属性!$F:$F)))} -> 0 | AH24: {=VLOOKUP(K24,技能属性!$A:$Z,9,FALSE)+SUM(_xlfn.XLOOKUP(L24:Z24,增益属性!$A:$A,增益属性!$G:$G))} -> 0 | AI24: {=VLOOKUP(K24,技能属性!$A:$Z,10,FALSE)+SUM(_xlfn.XLOOKUP(L24:Z24,增益属性!$A:$A,增益属性!$H:$H))} -> 0 | AJ24: {=VLOOKUP(K24,技能属性!$A:$Z,11,FALSE)+SUM(_xlfn.XLOOKUP(L24:Z24,增益属性!$A:$A,增益属性!$I:$I))} -> 0 | AK24: {=VLOOKUP(K24,技能属性!$A:$Z,12,FALSE)+SUM(_xlfn.XLOOKUP(L24:Z24,增益属性!$A:$A,增益属性!$J:$J))} -> 0 | AL24: {=VLOOKUP(K24,技能属性!$A:$Z,13,FALSE)+SUM(_xlfn.XLOOKUP(L24:Z24,增益属性!$A:$A,增益属性!$K:$K))} -> 0 | AM24: {=VLOOKUP(K24,技能属性!$A:$Z,14,FALSE)+SUM(_xlfn.XLOOKUP(L24:Z24,增益属性!$A:$A,增益属性!$L:$L))} -> 0 | AN24: {=VLOOKUP(K24,技能属性!$A:$Z,15,FALSE)+SUM(_xlfn.XLOOKUP(L24:Z24,增益属性!$A:$A,增益属性!$M:$M))} -> 0
B25: 副属性加成 | C25: =VLOOKUP($A$2,干员属性!$A:$AG,23,FALSE)+VLOOKUP($A$4,武器属性!$A:$AB,25,FALSE)+VLOOKUP($A$6,护甲属性!$A:$Z,23,FALSE)+VLOOKUP($A$8,护手属性!$A:$Z,23,FALSE)+VLOOKUP($A$10,配件属性!$A:$Z,23,FALSE)+VLOOKUP($A$12,配件属性!$A:$Z,23,FALSE)+VLOOKUP($A$14,套装属性!$A:$Z,23,FALSE)+VLOOKUP($A$16,食物属性!$A:$Z,23,FALSE) -> 0 | G25: =AA25*AC25*(1+AF25)*(1+AG25)*(1+AH25)*(1+AI25)*(1+AJ25)*(1+AK25)*(1-$D$2+AL25)*(1+AM25)*(1+AN25)*0.5*AE25*J25 -> 0 | H25: =AA25*AC25*(1+AF25)*(1+AG25)*(1+AH25)*(1+AI25)*(1+AJ25)*(1+AK25)*(1-$D$2+AL25)*(1+AM25)*(1+AN25)*0.5*J25 -> 0 | I25: =AA25*AC25*(1+AF25)*(1+AG25)*(1+AH25)*(1+AI25)*(1+AJ25)*(1+AK25)*(1-$D$2+AL25)*(1+AM25)*(1+AN25)*0.5*(AE25*AD25+(1-AD25))*J25 -> 0 | J25: 1 | K25: N/a | L25: N/a | M25: N/a | N25: N/a | O25: N/a | P25: N/a | Q25: N/a | R25: N/a | S25: N/a | T25: N/a | U25: N/a | V25: N/a | W25: N/a | X25: N/a | Y25: N/a | Z25: N/a | AA25: =VLOOKUP(K25,技能属性!$A:$AB,2,FALSE) -> 0 | AB25: {=$C$8+SUM(_xlfn.XLOOKUP(L25:Z25,增益属性!$A:$A,增益属性!$N:$N,0))} -> 0.47 | AC25: {=($C$7*(1+AB25)+$C$27)*(1+(INT((VLOOKUP(VLOOKUP($A$2,干员属性!$A:$AB,24,FALSE),$B$3:$C$6,2,FALSE)/(1+$C$24)*(1+$C$24+SUM(_xlfn.XLOOKUP(L25:Z25,增益属性!$A:$A,增益属性!$O:$O,0)))))*0.5+INT(VLOOKUP(VLOOKUP($A$2,干员属性!$A:$AB,25,FALSE),$B$3:$C$6,2,FALSE)*(1+SUM(_xlfn.XLOOKUP(L25:Z25,增益属性!$A:$A,增益属性!$O:$O,0))))*0.2+(INT(IFERROR(VLOOKUP(VLOOKUP($A$2,干员属性!$A:$AB,26,FALSE),$B$3:$C$6,2,FALSE),0)/(1+$C$25)*(1+$C$25+SUM(_xlfn.XLOOKUP(L25:Z25,增益属性!$A:$A,增益属性!$O:$O,0))))+INT(IFERROR(VLOOKUP(VLOOKUP($A$2,干员属性!$A:$AB,27,FALSE),$B$3:$C$6,2,FALSE),0)*(1+SUM(_xlfn.XLOOKUP(L25:Z25,增益属性!$A:$A,增益属性!$O:$O,0)))))*VLOOKUP($A$2,干员属性!$A:$AB,28,FALSE))/100)} -> 6896.898 | AD25: {=$C$10+VLOOKUP(K25,技能属性!$A:$Z,3,FALSE)+SUM(_xlfn.XLOOKUP(L25:Z25,增益属性!$A:$A,增益属性!$B:$B))} -> 0.16 | AE25: {=$C$11+VLOOKUP(K25,技能属性!$A:$AB,4,FALSE)+SUM(_xlfn.XLOOKUP(L25:Z25,增益属性!$A:$A,增益属性!$C:$C))} -> 1.5 | AF25: {=VLOOKUP(VLOOKUP(K25,技能属性!$A:$Z,5,FALSE),$B$14:$C$18,2,FALSE)+SUM(_xlfn.XLOOKUP(L25:Z25,增益属性!$A:$A,增益属性!$D:$D))+SUM(_xlfn.XLOOKUP(L25:Z25,增益属性!$A:$A,增益属性!$E:$E))+IF(VLOOKUP(K25,技能属性!$A:$Z,6,FALSE)="无",0,VLOOKUP(VLOOKUP(K25,技能属性!$A:$Z,6,FALSE),$B$20:$C$23,2,FALSE))+IF(VLOOKUP(K25,技能属性!$A:$Z,7,FALSE)=0,0,$C$19)} -> 0.7045 | AG25: {=IF(VLOOKUP(K25,技能属性!$A:$Z,8,FALSE)=0,0,$C$12+SUM(_xlfn.XLOOKUP(L25:Z25,增益属性!$A:$A,增益属性!$F:$F)))} -> 0 | AH25: {=VLOOKUP(K25,技能属性!$A:$Z,9,FALSE)+SUM(_xlfn.XLOOKUP(L25:Z25,增益属性!$A:$A,增益属性!$G:$G))} -> 0 | AI25: {=VLOOKUP(K25,技能属性!$A:$Z,10,FALSE)+SUM(_xlfn.XLOOKUP(L25:Z25,增益属性!$A:$A,增益属性!$H:$H))} -> 0 | AJ25: {=VLOOKUP(K25,技能属性!$A:$Z,11,FALSE)+SUM(_xlfn.XLOOKUP(L25:Z25,增益属性!$A:$A,增益属性!$I:$I))} -> 0 | AK25: {=VLOOKUP(K25,技能属性!$A:$Z,12,FALSE)+SUM(_xlfn.XLOOKUP(L25:Z25,增益属性!$A:$A,增益属性!$J:$J))} -> 0 | AL25: {=VLOOKUP(K25,技能属性!$A:$Z,13,FALSE)+SUM(_xlfn.XLOOKUP(L25:Z25,增益属性!$A:$A,增益属性!$K:$K))} -> 0 | AM25: {=VLOOKUP(K25,技能属性!$A:$Z,14,FALSE)+SUM(_xlfn.XLOOKUP(L25:Z25,增益属性!$A:$A,增益属性!$L:$L))} -> 0 | AN25: {=VLOOKUP(K25,技能属性!$A:$Z,15,FALSE)+SUM(_xlfn.XLOOKUP(L25:Z25,增益属性!$A:$A,增益属性!$M:$M))} -> 0
G26: =AA26*AC26*(1+AF26)*(1+AG26)*(1+AH26)*(1+AI26)*(1+AJ26)*(1+AK26)*(1-$D$2+AL26)*(1+AM26)*(1+AN26)*0.5*AE26*J26 -> 0 | H26: =AA26*AC26*(1+AF26)*(1+AG26)*(1+AH26)*(1+AI26)*(1+AJ26)*(1+AK26)*(1-$D$2+AL26)*(1+AM26)*(1+AN26)*0.5*J26 -> 0 | I26: =AA26*AC26*(1+AF26)*(1+AG26)*(1+AH26)*(1+AI26)*(1+AJ26)*(1+AK26)*(1-$D$2+AL26)*(1+AM26)*(1+AN26)*0.5*(AE26*AD26+(1-AD26))*J26 -> 0 | J26: 1 | K26: N/a | L26: N/a | M26: N/a | N26: N/a | O26: N/a | P26: N/a | Q26: N/a | R26: N/a | S26: N/a | T26: N/a | U26: N/a | V26: N/a | W26: N/a | X26: N/a | Y26: N/a | Z26: N/a | AA26: =VLOOKUP(K26,技能属性!$A:$AB,2,FALSE) -> 0 | AB26: {=$C$8+SUM(_xlfn.XLOOKUP(L26:Z26,增益属性!$A:$A,增益属性!$N:$N,0))} -> 0.47 | AC26: {=($C$7*(1+AB26)+$C$27)*(1+(INT((VLOOKUP(VLOOKUP($A$2,干员属性!$A:$AB,24,FALSE),$B$3:$C$6,2,FALSE)/(1+$C$24)*(1+$C$24+SUM(_xlfn.XLOOKUP(L26:Z26,增益属性!$A:$A,增益属性!$O:$O,0)))))*0.5+INT(VLOOKUP(VLOOKUP($A$2,干员属性!$A:$AB,25,FALSE),$B$3:$C$6,2,FALSE)*(1+SUM(_xlfn.XLOOKUP(L26:Z26,增益属性!$A:$A,增益属性!$O:$O,0))))*0.2+(INT(IFERROR(VLOOKUP(VLOOKUP($A$2,干员属性!$A:$AB,26,FALSE),$B$3:$C$6,2,FALSE),0)/(1+$C$25)*(1+$C$25+SUM(_xlfn.XLOOKUP(L26:Z26,增益属性!$A:$A,增益属性!$O:$O,0))))+INT(IFERROR(VLOOKUP(VLOOKUP($A$2,干员属性!$A:$AB,27,FALSE),$B$3:$C$6,2,FALSE),0)*(1+SUM(_xlfn.XLOOKUP(L26:Z26,增益属性!$A:$A,增益属性!$O:$O,0)))))*VLOOKUP($A$2,干员属性!$A:$AB,28,FALSE))/100)} -> 6896.898 | AD26: {=$C$10+VLOOKUP(K26,技能属性!$A:$Z,3,FALSE)+SUM(_xlfn.XLOOKUP(L26:Z26,增益属性!$A:$A,增益属性!$B:$B))} -> 0.16 | AE26: {=$C$11+VLOOKUP(K26,技能属性!$A:$AB,4,FALSE)+SUM(_xlfn.XLOOKUP(L26:Z26,增益属性!$A:$A,增益属性!$C:$C))} -> 1.5 | AF26: {=VLOOKUP(VLOOKUP(K26,技能属性!$A:$Z,5,FALSE),$B$14:$C$18,2,FALSE)+SUM(_xlfn.XLOOKUP(L26:Z26,增益属性!$A:$A,增益属性!$D:$D))+SUM(_xlfn.XLOOKUP(L26:Z26,增益属性!$A:$A,增益属性!$E:$E))+IF(VLOOKUP(K26,技能属性!$A:$Z,6,FALSE)="无",0,VLOOKUP(VLOOKUP(K26,技能属性!$A:$Z,6,FALSE),$B$20:$C$23,2,FALSE))+IF(VLOOKUP(K26,技能属性!$A:$Z,7,FALSE)=0,0,$C$19)} -> 0.7045 | AG26: {=IF(VLOOKUP(K26,技能属性!$A:$Z,8,FALSE)=0,0,$C$12+SUM(_xlfn.XLOOKUP(L26:Z26,增益属性!$A:$A,增益属性!$F:$F)))} -> 0 | AH26: {=VLOOKUP(K26,技能属性!$A:$Z,9,FALSE)+SUM(_xlfn.XLOOKUP(L26:Z26,增益属性!$A:$A,增益属性!$G:$G))} -> 0 | AI26: {=VLOOKUP(K26,技能属性!$A:$Z,10,FALSE)+SUM(_xlfn.XLOOKUP(L26:Z26,增益属性!$A:$A,增益属性!$H:$H))} -> 0 | AJ26: {=VLOOKUP(K26,技能属性!$A:$Z,11,FALSE)+SUM(_xlfn.XLOOKUP(L26:Z26,增益属性!$A:$A,增益属性!$I:$I))} -> 0 | AK26: {=VLOOKUP(K26,技能属性!$A:$Z,12,FALSE)+SUM(_xlfn.XLOOKUP(L26:Z26,增益属性!$A:$A,增益属性!$J:$J))} -> 0 | AL26: {=VLOOKUP(K26,技能属性!$A:$Z,13,FALSE)+SUM(_xlfn.XLOOKUP(L26:Z26,增益属性!$A:$A,增益属性!$K:$K))} -> 0 | AM26: {=VLOOKUP(K26,技能属性!$A:$Z,14,FALSE)+SUM(_xlfn.XLOOKUP(L26:Z26,增益属性!$A:$A,增益属性!$L:$L))} -> 0 | AN26: {=VLOOKUP(K26,技能属性!$A:$Z,15,FALSE)+SUM(_xlfn.XLOOKUP(L26:Z26,增益属性!$A:$A,增益属性!$M:$M))} -> 0
B27: 额外固定攻击 | C27: =VLOOKUP($A$16,食物属性!$A:$Z,2,FALSE) -> 180 | G27: =AA27*AC27*(1+AF27)*(1+AG27)*(1+AH27)*(1+AI27)*(1+AJ27)*(1+AK27)*(1-$D$2+AL27)*(1+AM27)*(1+AN27)*0.5*AE27*J27 -> 0 | H27: =AA27*AC27*(1+AF27)*(1+AG27)*(1+AH27)*(1+AI27)*(1+AJ27)*(1+AK27)*(1-$D$2+AL27)*(1+AM27)*(1+AN27)*0.5*J27 -> 0 | I27: =AA27*AC27*(1+AF27)*(1+AG27)*(1+AH27)*(1+AI27)*(1+AJ27)*(1+AK27)*(1-$D$2+AL27)*(1+AM27)*(1+AN27)*0.5*(AE27*AD27+(1-AD27))*J27 -> 0 | J27: 1 | K27: N/a | L27: N/a | M27: N/a | N27: N/a | O27: N/a | P27: N/a | Q27: N/a | R27: N/a | S27: N/a | T27: N/a | U27: N/a | V27: N/a | W27: N/a | X27: N/a | Y27: N/a | Z27: N/a | AA27: =VLOOKUP(K27,技能属性!$A:$AB,2,FALSE) -> 0 | AB27: {=$C$8+SUM(_xlfn.XLOOKUP(L27:Z27,增益属性!$A:$A,增益属性!$N:$N,0))} -> 0.47 | AC27: {=($C$7*(1+AB27)+$C$27)*(1+(INT((VLOOKUP(VLOOKUP($A$2,干员属性!$A:$AB,24,FALSE),$B$3:$C$6,2,FALSE)/(1+$C$24)*(1+$C$24+SUM(_xlfn.XLOOKUP(L27:Z27,增益属性!$A:$A,增益属性!$O:$O,0)))))*0.5+INT(VLOOKUP(VLOOKUP($A$2,干员属性!$A:$AB,25,FALSE),$B$3:$C$6,2,FALSE)*(1+SUM(_xlfn.XLOOKUP(L27:Z27,增益属性!$A:$A,增益属性!$O:$O,0))))*0.2+(INT(IFERROR(VLOOKUP(VLOOKUP($A$2,干员属性!$A:$AB,26,FALSE),$B$3:$C$6,2,FALSE),0)/(1+$C$25)*(1+$C$25+SUM(_xlfn.XLOOKUP(L27:Z27,增益属性!$A:$A,增益属性!$O:$O,0))))+INT(IFERROR(VLOOKUP(VLOOKUP($A$2,干员属性!$A:$AB,27,FALSE),$B$3:$C$6,2,FALSE),0)*(1+SUM(_xlfn.XLOOKUP(L27:Z27,增益属性!$A:$A,增益属性!$O:$O,0)))))*VLOOKUP($A$2,干员属性!$A:$AB,28,FALSE))/100)} -> 6896.898 | AD27: {=$C$10+VLOOKUP(K27,技能属性!$A:$Z,3,FALSE)+SUM(_xlfn.XLOOKUP(L27:Z27,增益属性!$A:$A,增益属性!$B:$B))} -> 0.16 | AE27: {=$C$11+VLOOKUP(K27,技能属性!$A:$AB,4,FALSE)+SUM(_xlfn.XLOOKUP(L27:Z27,增益属性!$A:$A,增益属性!$C:$C))} -> 1.5 | AF27: {=VLOOKUP(VLOOKUP(K27,技能属性!$A:$Z,5,FALSE),$B$14:$C$18,2,FALSE)+SUM(_xlfn.XLOOKUP(L27:Z27,增益属性!$A:$A,增益属性!$D:$D))+SUM(_xlfn.XLOOKUP(L27:Z27,增益属性!$A:$A,增益属性!$E:$E))+IF(VLOOKUP(K27,技能属性!$A:$Z,6,FALSE)="无",0,VLOOKUP(VLOOKUP(K27,技能属性!$A:$Z,6,FALSE),$B$20:$C$23,2,FALSE))+IF(VLOOKUP(K27,技能属性!$A:$Z,7,FALSE)=0,0,$C$19)} -> 0.7045 | AG27: {=IF(VLOOKUP(K27,技能属性!$A:$Z,8,FALSE)=0,0,$C$12+SUM(_xlfn.XLOOKUP(L27:Z27,增益属性!$A:$A,增益属性!$F:$F)))} -> 0 | AH27: {=VLOOKUP(K27,技能属性!$A:$Z,9,FALSE)+SUM(_xlfn.XLOOKUP(L27:Z27,增益属性!$A:$A,增益属性!$G:$G))} -> 0 | AI27: {=VLOOKUP(K27,技能属性!$A:$Z,10,FALSE)+SUM(_xlfn.XLOOKUP(L27:Z27,增益属性!$A:$A,增益属性!$H:$H))} -> 0 | AJ27: {=VLOOKUP(K27,技能属性!$A:$Z,11,FALSE)+SUM(_xlfn.XLOOKUP(L27:Z27,增益属性!$A:$A,增益属性!$I:$I))} -> 0 | AK27: {=VLOOKUP(K27,技能属性!$A:$Z,12,FALSE)+SUM(_xlfn.XLOOKUP(L27:Z27,增益属性!$A:$A,增益属性!$J:$J))} -> 0 | AL27: {=VLOOKUP(K27,技能属性!$A:$Z,13,FALSE)+SUM(_xlfn.XLOOKUP(L27:Z27,增益属性!$A:$A,增益属性!$K:$K))} -> 0 | AM27: {=VLOOKUP(K27,技能属性!$A:$Z,14,FALSE)+SUM(_xlfn.XLOOKUP(L27:Z27,增益属性!$A:$A,增益属性!$L:$L))} -> 0 | AN27: {=VLOOKUP(K27,技能属性!$A:$Z,15,FALSE)+SUM(_xlfn.XLOOKUP(L27:Z27,增益属性!$A:$A,增益属性!$M:$M))} -> 0
G28: =AA28*AC28*(1+AF28)*(1+AG28)*(1+AH28)*(1+AI28)*(1+AJ28)*(1+AK28)*(1-$D$2+AL28)*(1+AM28)*(1+AN28)*0.5*AE28*J28 -> 0 | H28: =AA28*AC28*(1+AF28)*(1+AG28)*(1+AH28)*(1+AI28)*(1+AJ28)*(1+AK28)*(1-$D$2+AL28)*(1+AM28)*(1+AN28)*0.5*J28 -> 0 | I28: =AA28*AC28*(1+AF28)*(1+AG28)*(1+AH28)*(1+AI28)*(1+AJ28)*(1+AK28)*(1-$D$2+AL28)*(1+AM28)*(1+AN28)*0.5*(AE28*AD28+(1-AD28))*J28 -> 0 | J28: 1 | K28: N/a | L28: N/a | M28: N/a | N28: N/a | O28: N/a | P28: N/a | Q28: N/a | R28: N/a | S28: N/a | T28: N/a | U28: N/a | V28: N/a | W28: N/a | X28: N/a | Y28: N/a | Z28: N/a | AA28: =VLOOKUP(K28,技能属性!$A:$AB,2,FALSE) -> 0 | AB28: {=$C$8+SUM(_xlfn.XLOOKUP(L28:Z28,增益属性!$A:$A,增益属性!$N:$N,0))} -> 0.47 | AC28: {=($C$7*(1+AB28)+$C$27)*(1+(INT((VLOOKUP(VLOOKUP($A$2,干员属性!$A:$AB,24,FALSE),$B$3:$C$6,2,FALSE)/(1+$C$24)*(1+$C$24+SUM(_xlfn.XLOOKUP(L28:Z28,增益属性!$A:$A,增益属性!$O:$O,0)))))*0.5+INT(VLOOKUP(VLOOKUP($A$2,干员属性!$A:$AB,25,FALSE),$B$3:$C$6,2,FALSE)*(1+SUM(_xlfn.XLOOKUP(L28:Z28,增益属性!$A:$A,增益属性!$O:$O,0))))*0.2+(INT(IFERROR(VLOOKUP(VLOOKUP($A$2,干员属性!$A:$AB,26,FALSE),$B$3:$C$6,2,FALSE),0)/(1+$C$25)*(1+$C$25+SUM(_xlfn.XLOOKUP(L28:Z28,增益属性!$A:$A,增益属性!$O:$O,0))))+INT(IFERROR(VLOOKUP(VLOOKUP($A$2,干员属性!$A:$AB,27,FALSE),$B$3:$C$6,2,FALSE),0)*(1+SUM(_xlfn.XLOOKUP(L28:Z28,增益属性!$A:$A,增益属性!$O:$O,0)))))*VLOOKUP($A$2,干员属性!$A:$AB,28,FALSE))/100)} -> 6896.898 | AD28: {=$C$10+VLOOKUP(K28,技能属性!$A:$Z,3,FALSE)+SUM(_xlfn.XLOOKUP(L28:Z28,增益属性!$A:$A,增益属性!$B:$B))} -> 0.16 | AE28: {=$C$11+VLOOKUP(K28,技能属性!$A:$AB,4,FALSE)+SUM(_xlfn.XLOOKUP(L28:Z28,增益属性!$A:$A,增益属性!$C:$C))} -> 1.5 | AF28: {=VLOOKUP(VLOOKUP(K28,技能属性!$A:$Z,5,FALSE),$B$14:$C$18,2,FALSE)+SUM(_xlfn.XLOOKUP(L28:Z28,增益属性!$A:$A,增益属性!$D:$D))+SUM(_xlfn.XLOOKUP(L28:Z28,增益属性!$A:$A,增益属性!$E:$E))+IF(VLOOKUP(K28,技能属性!$A:$Z,6,FALSE)="无",0,VLOOKUP(VLOOKUP(K28,技能属性!$A:$Z,6,FALSE),$B$20:$C$23,2,FALSE))+IF(VLOOKUP(K28,技能属性!$A:$Z,7,FALSE)=0,0,$C$19)} -> 0.7045 | AG28: {=IF(VLOOKUP(K28,技能属性!$A:$Z,8,FALSE)=0,0,$C$12+SUM(_xlfn.XLOOKUP(L28:Z28,增益属性!$A:$A,增益属性!$F:$F)))} -> 0 | AH28: {=VLOOKUP(K28,技能属性!$A:$Z,9,FALSE)+SUM(_xlfn.XLOOKUP(L28:Z28,增益属性!$A:$A,增益属性!$G:$G))} -> 0 | AI28: {=VLOOKUP(K28,技能属性!$A:$Z,10,FALSE)+SUM(_xlfn.XLOOKUP(L28:Z28,增益属性!$A:$A,增益属性!$H:$H))} -> 0 | AJ28: {=VLOOKUP(K28,技能属性!$A:$Z,11,FALSE)+SUM(_xlfn.XLOOKUP(L28:Z28,增益属性!$A:$A,增益属性!$I:$I))} -> 0 | AK28: {=VLOOKUP(K28,技能属性!$A:$Z,12,FALSE)+SUM(_xlfn.XLOOKUP(L28:Z28,增益属性!$A:$A,增益属性!$J:$J))} -> 0 | AL28: {=VLOOKUP(K28,技能属性!$A:$Z,13,FALSE)+SUM(_xlfn.XLOOKUP(L28:Z28,增益属性!$A:$A,增益属性!$K:$K))} -> 0 | AM28: {=VLOOKUP(K28,技能属性!$A:$Z,14,FALSE)+SUM(_xlfn.XLOOKUP(L28:Z28,增益属性!$A:$A,增益属性!$L:$L))} -> 0 | AN28: {=VLOOKUP(K28,技能属性!$A:$Z,15,FALSE)+SUM(_xlfn.XLOOKUP(L28:Z28,增益属性!$A:$A,增益属性!$M:$M))} -> 0
G29: =AA29*AC29*(1+AF29)*(1+AG29)*(1+AH29)*(1+AI29)*(1+AJ29)*(1+AK29)*(1-$D$2+AL29)*(1+AM29)*(1+AN29)*0.5*AE29*J29 -> 0 | H29: =AA29*AC29*(1+AF29)*(1+AG29)*(1+AH29)*(1+AI29)*(1+AJ29)*(1+AK29)*(1-$D$2+AL29)*(1+AM29)*(1+AN29)*0.5*J29 -> 0 | I29: =AA29*AC29*(1+AF29)*(1+AG29)*(1+AH29)*(1+AI29)*(1+AJ29)*(1+AK29)*(1-$D$2+AL29)*(1+AM29)*(1+AN29)*0.5*(AE29*AD29+(1-AD29))*J29 -> 0 | J29: 1 | K29: N/a | L29: N/a | M29: N/a | N29: N/a | O29: N/a | P29: N/a | Q29: N/a | R29: N/a | S29: N/a | T29: N/a | U29: N/a | V29: N/a | W29: N/a | X29: N/a | Y29: N/a | Z29: N/a | AA29: =VLOOKUP(K29,技能属性!$A:$AB,2,FALSE) -> 0 | AB29: {=$C$8+SUM(_xlfn.XLOOKUP(L29:Z29,增益属性!$A:$A,增益属性!$N:$N,0))} -> 0.47 | AC29: {=($C$7*(1+AB29)+$C$27)*(1+(INT((VLOOKUP(VLOOKUP($A$2,干员属性!$A:$AB,24,FALSE),$B$3:$C$6,2,FALSE)/(1+$C$24)*(1+$C$24+SUM(_xlfn.XLOOKUP(L29:Z29,增益属性!$A:$A,增益属性!$O:$O,0)))))*0.5+INT(VLOOKUP(VLOOKUP($A$2,干员属性!$A:$AB,25,FALSE),$B$3:$C$6,2,FALSE)*(1+SUM(_xlfn.XLOOKUP(L29:Z29,增益属性!$A:$A,增益属性!$O:$O,0))))*0.2+(INT(IFERROR(VLOOKUP(VLOOKUP($A$2,干员属性!$A:$AB,26,FALSE),$B$3:$C$6,2,FALSE),0)/(1+$C$25)*(1+$C$25+SUM(_xlfn.XLOOKUP(L29:Z29,增益属性!$A:$A,增益属性!$O:$O,0))))+INT(IFERROR(VLOOKUP(VLOOKUP($A$2,干员属性!$A:$AB,27,FALSE),$B$3:$C$6,2,FALSE),0)*(1+SUM(_xlfn.XLOOKUP(L29:Z29,增益属性!$A:$A,增益属性!$O:$O,0)))))*VLOOKUP($A$2,干员属性!$A:$AB,28,FALSE))/100)} -> 6896.898 | AD29: {=$C$10+VLOOKUP(K29,技能属性!$A:$Z,3,FALSE)+SUM(_xlfn.XLOOKUP(L29:Z29,增益属性!$A:$A,增益属性!$B:$B))} -> 0.16 | AE29: {=$C$11+VLOOKUP(K29,技能属性!$A:$AB,4,FALSE)+SUM(_xlfn.XLOOKUP(L29:Z29,增益属性!$A:$A,增益属性!$C:$C))} -> 1.5 | AF29: {=VLOOKUP(VLOOKUP(K29,技能属性!$A:$Z,5,FALSE),$B$14:$C$18,2,FALSE)+SUM(_xlfn.XLOOKUP(L29:Z29,增益属性!$A:$A,增益属性!$D:$D))+SUM(_xlfn.XLOOKUP(L29:Z29,增益属性!$A:$A,增益属性!$E:$E))+IF(VLOOKUP(K29,技能属性!$A:$Z,6,FALSE)="无",0,VLOOKUP(VLOOKUP(K29,技能属性!$A:$Z,6,FALSE),$B$20:$C$23,2,FALSE))+IF(VLOOKUP(K29,技能属性!$A:$Z,7,FALSE)=0,0,$C$19)} -> 0.7045 | AG29: {=IF(VLOOKUP(K29,技能属性!$A:$Z,8,FALSE)=0,0,$C$12+SUM(_xlfn.XLOOKUP(L29:Z29,增益属性!$A:$A,增益属性!$F:$F)))} -> 0 | AH29: {=VLOOKUP(K29,技能属性!$A:$Z,9,FALSE)+SUM(_xlfn.XLOOKUP(L29:Z29,增益属性!$A:$A,增益属性!$G:$G))} -> 0 | AI29: {=VLOOKUP(K29,技能属性!$A:$Z,10,FALSE)+SUM(_xlfn.XLOOKUP(L29:Z29,增益属性!$A:$A,增益属性!$H:$H))} -> 0 | AJ29: {=VLOOKUP(K29,技能属性!$A:$Z,11,FALSE)+SUM(_xlfn.XLOOKUP(L29:Z29,增益属性!$A:$A,增益属性!$I:$I))} -> 0 | AK29: {=VLOOKUP(K29,技能属性!$A:$Z,12,FALSE)+SUM(_xlfn.XLOOKUP(L29:Z29,增益属性!$A:$A,增益属性!$J:$J))} -> 0 | AL29: {=VLOOKUP(K29,技能属性!$A:$Z,13,FALSE)+SUM(_xlfn.XLOOKUP(L29:Z29,增益属性!$A:$A,增益属性!$K:$K))} -> 0 | AM29: {=VLOOKUP(K29,技能属性!$A:$Z,14,FALSE)+SUM(_xlfn.XLOOKUP(L29:Z29,增益属性!$A:$A,增益属性!$L:$L))} -> 0 | AN29: {=VLOOKUP(K29,技能属性!$A:$Z,15,FALSE)+SUM(_xlfn.XLOOKUP(L29:Z29,增益属性!$A:$A,增益属性!$M:$M))} -> 0
G30: =AA30*AC30*(1+AF30)*(1+AG30)*(1+AH30)*(1+AI30)*(1+AJ30)*(1+AK30)*(1-$D$2+AL30)*(1+AM30)*(1+AN30)*0.5*AE30*J30 -> 0 | H30: =AA30*AC30*(1+AF30)*(1+AG30)*(1+AH30)*(1+AI30)*(1+AJ30)*(1+AK30)*(1-$D$2+AL30)*(1+AM30)*(1+AN30)*0.5*J30 -> 0 | I30: =AA30*AC30*(1+AF30)*(1+AG30)*(1+AH30)*(1+AI30)*(1+AJ30)*(1+AK30)*(1-$D$2+AL30)*(1+AM30)*(1+AN30)*0.5*(AE30*AD30+(1-AD30))*J30 -> 0 | J30: 1 | K30: N/a | L30: N/a | M30: N/a | N30: N/a | O30: N/a | P30: N/a | Q30: N/a | R30: N/a | S30: N/a | T30: N/a | U30: N/a | V30: N/a | W30: N/a | X30: N/a | Y30: N/a | Z30: N/a | AA30: =VLOOKUP(K30,技能属性!$A:$AB,2,FALSE) -> 0 | AB30: {=$C$8+SUM(_xlfn.XLOOKUP(L30:Z30,增益属性!$A:$A,增益属性!$N:$N,0))} -> 0.47 | AC30: {=($C$7*(1+AB30)+$C$27)*(1+(INT((VLOOKUP(VLOOKUP($A$2,干员属性!$A:$AB,24,FALSE),$B$3:$C$6,2,FALSE)/(1+$C$24)*(1+$C$24+SUM(_xlfn.XLOOKUP(L30:Z30,增益属性!$A:$A,增益属性!$O:$O,0)))))*0.5+INT(VLOOKUP(VLOOKUP($A$2,干员属性!$A:$AB,25,FALSE),$B$3:$C$6,2,FALSE)*(1+SUM(_xlfn.XLOOKUP(L30:Z30,增益属性!$A:$A,增益属性!$O:$O,0))))*0.2+(INT(IFERROR(VLOOKUP(VLOOKUP($A$2,干员属性!$A:$AB,26,FALSE),$B$3:$C$6,2,FALSE),0)/(1+$C$25)*(1+$C$25+SUM(_xlfn.XLOOKUP(L30:Z30,增益属性!$A:$A,增益属性!$O:$O,0))))+INT(IFERROR(VLOOKUP(VLOOKUP($A$2,干员属性!$A:$AB,27,FALSE),$B$3:$C$6,2,FALSE),0)*(1+SUM(_xlfn.XLOOKUP(L30:Z30,增益属性!$A:$A,增益属性!$O:$O,0)))))*VLOOKUP($A$2,干员属性!$A:$AB,28,FALSE))/100)} -> 6896.898 | AD30: {=$C$10+VLOOKUP(K30,技能属性!$A:$Z,3,FALSE)+SUM(_xlfn.XLOOKUP(L30:Z30,增益属性!$A:$A,增益属性!$B:$B))} -> 0.16 | AE30: {=$C$11+VLOOKUP(K30,技能属性!$A:$AB,4,FALSE)+SUM(_xlfn.XLOOKUP(L30:Z30,增益属性!$A:$A,增益属性!$C:$C))} -> 1.5 | AF30: {=VLOOKUP(VLOOKUP(K30,技能属性!$A:$Z,5,FALSE),$B$14:$C$18,2,FALSE)+SUM(_xlfn.XLOOKUP(L30:Z30,增益属性!$A:$A,增益属性!$D:$D))+SUM(_xlfn.XLOOKUP(L30:Z30,增益属性!$A:$A,增益属性!$E:$E))+IF(VLOOKUP(K30,技能属性!$A:$Z,6,FALSE)="无",0,VLOOKUP(VLOOKUP(K30,技能属性!$A:$Z,6,FALSE),$B$20:$C$23,2,FALSE))+IF(VLOOKUP(K30,技能属性!$A:$Z,7,FALSE)=0,0,$C$19)} -> 0.7045 | AG30: {=IF(VLOOKUP(K30,技能属性!$A:$Z,8,FALSE)=0,0,$C$12+SUM(_xlfn.XLOOKUP(L30:Z30,增益属性!$A:$A,增益属性!$F:$F)))} -> 0 | AH30: {=VLOOKUP(K30,技能属性!$A:$Z,9,FALSE)+SUM(_xlfn.XLOOKUP(L30:Z30,增益属性!$A:$A,增益属性!$G:$G))} -> 0 | AI30: {=VLOOKUP(K30,技能属性!$A:$Z,10,FALSE)+SUM(_xlfn.XLOOKUP(L30:Z30,增益属性!$A:$A,增益属性!$H:$H))} -> 0 | AJ30: {=VLOOKUP(K30,技能属性!$A:$Z,11,FALSE)+SUM(_xlfn.XLOOKUP(L30:Z30,增益属性!$A:$A,增益属性!$I:$I))} -> 0 | AK30: {=VLOOKUP(K30,技能属性!$A:$Z,12,FALSE)+SUM(_xlfn.XLOOKUP(L30:Z30,增益属性!$A:$A,增益属性!$J:$J))} -> 0 | AL30: {=VLOOKUP(K30,技能属性!$A:$Z,13,FALSE)+SUM(_xlfn.XLOOKUP(L30:Z30,增益属性!$A:$A,增益属性!$K:$K))} -> 0 | AM30: {=VLOOKUP(K30,技能属性!$A:$Z,14,FALSE)+SUM(_xlfn.XLOOKUP(L30:Z30,增益属性!$A:$A,增益属性!$L:$L))} -> 0 | AN30: {=VLOOKUP(K30,技能属性!$A:$Z,15,FALSE)+SUM(_xlfn.XLOOKUP(L30:Z30,增益属性!$A:$A,增益属性!$M:$M))} -> 0
G31: =AA31*AC31*(1+AF31)*(1+AG31)*(1+AH31)*(1+AI31)*(1+AJ31)*(1+AK31)*(1-$D$2+AL31)*(1+AM31)*(1+AN31)*0.5*AE31*J31 -> 0 | H31: =AA31*AC31*(1+AF31)*(1+AG31)*(1+AH31)*(1+AI31)*(1+AJ31)*(1+AK31)*(1-$D$2+AL31)*(1+AM31)*(1+AN31)*0.5*J31 -> 0 | I31: =AA31*AC31*(1+AF31)*(1+AG31)*(1+AH31)*(1+AI31)*(1+AJ31)*(1+AK31)*(1-$D$2+AL31)*(1+AM31)*(1+AN31)*0.5*(AE31*AD31+(1-AD31))*J31 -> 0 | J31: 1 | K31: N/a | L31: N/a | M31: N/a | N31: N/a | O31: N/a | P31: N/a | Q31: N/a | R31: N/a | S31: N/a | T31: N/a | U31: N/a | V31: N/a | W31: N/a | X31: N/a | Y31: N/a | Z31: N/a | AA31: =VLOOKUP(K31,技能属性!$A:$AB,2,FALSE) -> 0 | AB31: {=$C$8+SUM(_xlfn.XLOOKUP(L31:Z31,增益属性!$A:$A,增益属性!$N:$N,0))} -> 0.47 | AC31: {=($C$7*(1+AB31)+$C$27)*(1+(INT((VLOOKUP(VLOOKUP($A$2,干员属性!$A:$AB,24,FALSE),$B$3:$C$6,2,FALSE)/(1+$C$24)*(1+$C$24+SUM(_xlfn.XLOOKUP(L31:Z31,增益属性!$A:$A,增益属性!$O:$O,0)))))*0.5+INT(VLOOKUP(VLOOKUP($A$2,干员属性!$A:$AB,25,FALSE),$B$3:$C$6,2,FALSE)*(1+SUM(_xlfn.XLOOKUP(L31:Z31,增益属性!$A:$A,增益属性!$O:$O,0))))*0.2+(INT(IFERROR(VLOOKUP(VLOOKUP($A$2,干员属性!$A:$AB,26,FALSE),$B$3:$C$6,2,FALSE),0)/(1+$C$25)*(1+$C$25+SUM(_xlfn.XLOOKUP(L31:Z31,增益属性!$A:$A,增益属性!$O:$O,0))))+INT(IFERROR(VLOOKUP(VLOOKUP($A$2,干员属性!$A:$AB,27,FALSE),$B$3:$C$6,2,FALSE),0)*(1+SUM(_xlfn.XLOOKUP(L31:Z31,增益属性!$A:$A,增益属性!$O:$O,0)))))*VLOOKUP($A$2,干员属性!$A:$AB,28,FALSE))/100)} -> 6896.898 | AD31: {=$C$10+VLOOKUP(K31,技能属性!$A:$Z,3,FALSE)+SUM(_xlfn.XLOOKUP(L31:Z31,增益属性!$A:$A,增益属性!$B:$B))} -> 0.16 | AE31: {=$C$11+VLOOKUP(K31,技能属性!$A:$AB,4,FALSE)+SUM(_xlfn.XLOOKUP(L31:Z31,增益属性!$A:$A,增益属性!$C:$C))} -> 1.5 | AF31: {=VLOOKUP(VLOOKUP(K31,技能属性!$A:$Z,5,FALSE),$B$14:$C$18,2,FALSE)+SUM(_xlfn.XLOOKUP(L31:Z31,增益属性!$A:$A,增益属性!$D:$D))+SUM(_xlfn.XLOOKUP(L31:Z31,增益属性!$A:$A,增益属性!$E:$E))+IF(VLOOKUP(K31,技能属性!$A:$Z,6,FALSE)="无",0,VLOOKUP(VLOOKUP(K31,技能属性!$A:$Z,6,FALSE),$B$20:$C$23,2,FALSE))+IF(VLOOKUP(K31,技能属性!$A:$Z,7,FALSE)=0,0,$C$19)} -> 0.7045 | AG31: {=IF(VLOOKUP(K31,技能属性!$A:$Z,8,FALSE)=0,0,$C$12+SUM(_xlfn.XLOOKUP(L31:Z31,增益属性!$A:$A,增益属性!$F:$F)))} -> 0 | AH31: {=VLOOKUP(K31,技能属性!$A:$Z,9,FALSE)+SUM(_xlfn.XLOOKUP(L31:Z31,增益属性!$A:$A,增益属性!$G:$G))} -> 0 | AI31: {=VLOOKUP(K31,技能属性!$A:$Z,10,FALSE)+SUM(_xlfn.XLOOKUP(L31:Z31,增益属性!$A:$A,增益属性!$H:$H))} -> 0 | AJ31: {=VLOOKUP(K31,技能属性!$A:$Z,11,FALSE)+SUM(_xlfn.XLOOKUP(L31:Z31,增益属性!$A:$A,增益属性!$I:$I))} -> 0 | AK31: {=VLOOKUP(K31,技能属性!$A:$Z,12,FALSE)+SUM(_xlfn.XLOOKUP(L31:Z31,增益属性!$A:$A,增益属性!$J:$J))} -> 0 | AL31: {=VLOOKUP(K31,技能属性!$A:$Z,13,FALSE)+SUM(_xlfn.XLOOKUP(L31:Z31,增益属性!$A:$A,增益属性!$K:$K))} -> 0 | AM31: {=VLOOKUP(K31,技能属性!$A:$Z,14,FALSE)+SUM(_xlfn.XLOOKUP(L31:Z31,增益属性!$A:$A,增益属性!$L:$L))} -> 0 | AN31: {=VLOOKUP(K31,技能属性!$A:$Z,15,FALSE)+SUM(_xlfn.XLOOKUP(L31:Z31,增益属性!$A:$A,增益属性!$M:$M))} -> 0
G32: =AA32*AC32*(1+AF32)*(1+AG32)*(1+AH32)*(1+AI32)*(1+AJ32)*(1+AK32)*(1-$D$2+AL32)*(1+AM32)*(1+AN32)*0.5*AE32*J32 -> 0 | H32: =AA32*AC32*(1+AF32)*(1+AG32)*(1+AH32)*(1+AI32)*(1+AJ32)*(1+AK32)*(1-$D$2+AL32)*(1+AM32)*(1+AN32)*0.5*J32 -> 0 | I32: =AA32*AC32*(1+AF32)*(1+AG32)*(1+AH32)*(1+AI32)*(1+AJ32)*(1+AK32)*(1-$D$2+AL32)*(1+AM32)*(1+AN32)*0.5*(AE32*AD32+(1-AD32))*J32 -> 0 | J32: 1 | K32: N/a | L32: N/a | M32: N/a | N32: N/a | O32: N/a | P32: N/a | Q32: N/a | R32: N/a | S32: N/a | T32: N/a | U32: N/a | V32: N/a | W32: N/a | X32: N/a | Y32: N/a | Z32: N/a | AA32: =VLOOKUP(K32,技能属性!$A:$AB,2,FALSE) -> 0 | AB32: {=$C$8+SUM(_xlfn.XLOOKUP(L32:Z32,增益属性!$A:$A,增益属性!$N:$N,0))} -> 0.47 | AC32: {=($C$7*(1+AB32)+$C$27)*(1+(INT((VLOOKUP(VLOOKUP($A$2,干员属性!$A:$AB,24,FALSE),$B$3:$C$6,2,FALSE)/(1+$C$24)*(1+$C$24+SUM(_xlfn.XLOOKUP(L32:Z32,增益属性!$A:$A,增益属性!$O:$O,0)))))*0.5+INT(VLOOKUP(VLOOKUP($A$2,干员属性!$A:$AB,25,FALSE),$B$3:$C$6,2,FALSE)*(1+SUM(_xlfn.XLOOKUP(L32:Z32,增益属性!$A:$A,增益属性!$O:$O,0))))*0.2+(INT(IFERROR(VLOOKUP(VLOOKUP($A$2,干员属性!$A:$AB,26,FALSE),$B$3:$C$6,2,FALSE),0)/(1+$C$25)*(1+$C$25+SUM(_xlfn.XLOOKUP(L32:Z32,增益属性!$A:$A,增益属性!$O:$O,0))))+INT(IFERROR(VLOOKUP(VLOOKUP($A$2,干员属性!$A:$AB,27,FALSE),$B$3:$C$6,2,FALSE),0)*(1+SUM(_xlfn.XLOOKUP(L32:Z32,增益属性!$A:$A,增益属性!$O:$O,0)))))*VLOOKUP($A$2,干员属性!$A:$AB,28,FALSE))/100)} -> 6896.898 | AD32: {=$C$10+VLOOKUP(K32,技能属性!$A:$Z,3,FALSE)+SUM(_xlfn.XLOOKUP(L32:Z32,增益属性!$A:$A,增益属性!$B:$B))} -> 0.16 | AE32: {=$C$11+VLOOKUP(K32,技能属性!$A:$AB,4,FALSE)+SUM(_xlfn.XLOOKUP(L32:Z32,增益属性!$A:$A,增益属性!$C:$C))} -> 1.5 | AF32: {=VLOOKUP(VLOOKUP(K32,技能属性!$A:$Z,5,FALSE),$B$14:$C$18,2,FALSE)+SUM(_xlfn.XLOOKUP(L32:Z32,增益属性!$A:$A,增益属性!$D:$D))+SUM(_xlfn.XLOOKUP(L32:Z32,增益属性!$A:$A,增益属性!$E:$E))+IF(VLOOKUP(K32,技能属性!$A:$Z,6,FALSE)="无",0,VLOOKUP(VLOOKUP(K32,技能属性!$A:$Z,6,FALSE),$B$20:$C$23,2,FALSE))+IF(VLOOKUP(K32,技能属性!$A:$Z,7,FALSE)=0,0,$C$19)} -> 0.7045 | AG32: {=IF(VLOOKUP(K32,技能属性!$A:$Z,8,FALSE)=0,0,$C$12+SUM(_xlfn.XLOOKUP(L32:Z32,增益属性!$A:$A,增益属性!$F:$F)))} -> 0 | AH32: {=VLOOKUP(K32,技能属性!$A:$Z,9,FALSE)+SUM(_xlfn.XLOOKUP(L32:Z32,增益属性!$A:$A,增益属性!$G:$G))} -> 0 | AI32: {=VLOOKUP(K32,技能属性!$A:$Z,10,FALSE)+SUM(_xlfn.XLOOKUP(L32:Z32,增益属性!$A:$A,增益属性!$H:$H))} -> 0 | AJ32: {=VLOOKUP(K32,技能属性!$A:$Z,11,FALSE)+SUM(_xlfn.XLOOKUP(L32:Z32,增益属性!$A:$A,增益属性!$I:$I))} -> 0 | AK32: {=VLOOKUP(K32,技能属性!$A:$Z,12,FALSE)+SUM(_xlfn.XLOOKUP(L32:Z32,增益属性!$A:$A,增益属性!$J:$J))} -> 0 | AL32: {=VLOOKUP(K32,技能属性!$A:$Z,13,FALSE)+SUM(_xlfn.XLOOKUP(L32:Z32,增益属性!$A:$A,增益属性!$K:$K))} -> 0 | AM32: {=VLOOKUP(K32,技能属性!$A:$Z,14,FALSE)+SUM(_xlfn.XLOOKUP(L32:Z32,增益属性!$A:$A,增益属性!$L:$L))} -> 0 | AN32: {=VLOOKUP(K32,技能属性!$A:$Z,15,FALSE)+SUM(_xlfn.XLOOKUP(L32:Z32,增益属性!$A:$A,增益属性!$M:$M))} -> 0
G33: =AA33*AC33*(1+AF33)*(1+AG33)*(1+AH33)*(1+AI33)*(1+AJ33)*(1+AK33)*(1-$D$2+AL33)*(1+AM33)*(1+AN33)*0.5*AE33*J33 -> 0 | H33: =AA33*AC33*(1+AF33)*(1+AG33)*(1+AH33)*(1+AI33)*(1+AJ33)*(1+AK33)*(1-$D$2+AL33)*(1+AM33)*(1+AN33)*0.5*J33 -> 0 | I33: =AA33*AC33*(1+AF33)*(1+AG33)*(1+AH33)*(1+AI33)*(1+AJ33)*(1+AK33)*(1-$D$2+AL33)*(1+AM33)*(1+AN33)*0.5*(AE33*AD33+(1-AD33))*J33 -> 0 | J33: 1 | K33: N/a | L33: N/a | M33: N/a | N33: N/a | O33: N/a | P33: N/a | Q33: N/a | R33: N/a | S33: N/a | T33: N/a | U33: N/a | V33: N/a | W33: N/a | X33: N/a | Y33: N/a | Z33: N/a | AA33: =VLOOKUP(K33,技能属性!$A:$AB,2,FALSE) -> 0 | AB33: {=$C$8+SUM(_xlfn.XLOOKUP(L33:Z33,增益属性!$A:$A,增益属性!$N:$N,0))} -> 0.47 | AC33: {=($C$7*(1+AB33)+$C$27)*(1+(INT((VLOOKUP(VLOOKUP($A$2,干员属性!$A:$AB,24,FALSE),$B$3:$C$6,2,FALSE)/(1+$C$24)*(1+$C$24+SUM(_xlfn.XLOOKUP(L33:Z33,增益属性!$A:$A,增益属性!$O:$O,0)))))*0.5+INT(VLOOKUP(VLOOKUP($A$2,干员属性!$A:$AB,25,FALSE),$B$3:$C$6,2,FALSE)*(1+SUM(_xlfn.XLOOKUP(L33:Z33,增益属性!$A:$A,增益属性!$O:$O,0))))*0.2+(INT(IFERROR(VLOOKUP(VLOOKUP($A$2,干员属性!$A:$AB,26,FALSE),$B$3:$C$6,2,FALSE),0)/(1+$C$25)*(1+$C$25+SUM(_xlfn.XLOOKUP(L33:Z33,增益属性!$A:$A,增益属性!$O:$O,0))))+INT(IFERROR(VLOOKUP(VLOOKUP($A$2,干员属性!$A:$AB,27,FALSE),$B$3:$C$6,2,FALSE),0)*(1+SUM(_xlfn.XLOOKUP(L33:Z33,增益属性!$A:$A,增益属性!$O:$O,0)))))*VLOOKUP($A$2,干员属性!$A:$AB,28,FALSE))/100)} -> 6896.898 | AD33: {=$C$10+VLOOKUP(K33,技能属性!$A:$Z,3,FALSE)+SUM(_xlfn.XLOOKUP(L33:Z33,增益属性!$A:$A,增益属性!$B:$B))} -> 0.16 | AE33: {=$C$11+VLOOKUP(K33,技能属性!$A:$AB,4,FALSE)+SUM(_xlfn.XLOOKUP(L33:Z33,增益属性!$A:$A,增益属性!$C:$C))} -> 1.5 | AF33: {=VLOOKUP(VLOOKUP(K33,技能属性!$A:$Z,5,FALSE),$B$14:$C$18,2,FALSE)+SUM(_xlfn.XLOOKUP(L33:Z33,增益属性!$A:$A,增益属性!$D:$D))+SUM(_xlfn.XLOOKUP(L33:Z33,增益属性!$A:$A,增益属性!$E:$E))+IF(VLOOKUP(K33,技能属性!$A:$Z,6,FALSE)="无",0,VLOOKUP(VLOOKUP(K33,技能属性!$A:$Z,6,FALSE),$B$20:$C$23,2,FALSE))+IF(VLOOKUP(K33,技能属性!$A:$Z,7,FALSE)=0,0,$C$19)} -> 0.7045 | AG33: {=IF(VLOOKUP(K33,技能属性!$A:$Z,8,FALSE)=0,0,$C$12+SUM(_xlfn.XLOOKUP(L33:Z33,增益属性!$A:$A,增益属性!$F:$F)))} -> 0 | AH33: {=VLOOKUP(K33,技能属性!$A:$Z,9,FALSE)+SUM(_xlfn.XLOOKUP(L33:Z33,增益属性!$A:$A,增益属性!$G:$G))} -> 0 | AI33: {=VLOOKUP(K33,技能属性!$A:$Z,10,FALSE)+SUM(_xlfn.XLOOKUP(L33:Z33,增益属性!$A:$A,增益属性!$H:$H))} -> 0 | AJ33: {=VLOOKUP(K33,技能属性!$A:$Z,11,FALSE)+SUM(_xlfn.XLOOKUP(L33:Z33,增益属性!$A:$A,增益属性!$I:$I))} -> 0 | AK33: {=VLOOKUP(K33,技能属性!$A:$Z,12,FALSE)+SUM(_xlfn.XLOOKUP(L33:Z33,增益属性!$A:$A,增益属性!$J:$J))} -> 0 | AL33: {=VLOOKUP(K33,技能属性!$A:$Z,13,FALSE)+SUM(_xlfn.XLOOKUP(L33:Z33,增益属性!$A:$A,增益属性!$K:$K))} -> 0 | AM33: {=VLOOKUP(K33,技能属性!$A:$Z,14,FALSE)+SUM(_xlfn.XLOOKUP(L33:Z33,增益属性!$A:$A,增益属性!$L:$L))} -> 0 | AN33: {=VLOOKUP(K33,技能属性!$A:$Z,15,FALSE)+SUM(_xlfn.XLOOKUP(L33:Z33,增益属性!$A:$A,增益属性!$M:$M))} -> 0
G34: =AA34*AC34*(1+AF34)*(1+AG34)*(1+AH34)*(1+AI34)*(1+AJ34)*(1+AK34)*(1-$D$2+AL34)*(1+AM34)*(1+AN34)*0.5*AE34*J34 -> 0 | H34: =AA34*AC34*(1+AF34)*(1+AG34)*(1+AH34)*(1+AI34)*(1+AJ34)*(1+AK34)*(1-$D$2+AL34)*(1+AM34)*(1+AN34)*0.5*J34 -> 0 | I34: =AA34*AC34*(1+AF34)*(1+AG34)*(1+AH34)*(1+AI34)*(1+AJ34)*(1+AK34)*(1-$D$2+AL34)*(1+AM34)*(1+AN34)*0.5*(AE34*AD34+(1-AD34))*J34 -> 0 | J34: 1 | K34: N/a | L34: N/a | M34: N/a | N34: N/a | O34: N/a | P34: N/a | Q34: N/a | R34: N/a | S34: N/a | T34: N/a | U34: N/a | V34: N/a | W34: N/a | X34: N/a | Y34: N/a | Z34: N/a | AA34: =VLOOKUP(K34,技能属性!$A:$AB,2,FALSE) -> 0 | AB34: {=$C$8+SUM(_xlfn.XLOOKUP(L34:Z34,增益属性!$A:$A,增益属性!$N:$N,0))} -> 0.47 | AC34: {=($C$7*(1+AB34)+$C$27)*(1+(INT((VLOOKUP(VLOOKUP($A$2,干员属性!$A:$AB,24,FALSE),$B$3:$C$6,2,FALSE)/(1+$C$24)*(1+$C$24+SUM(_xlfn.XLOOKUP(L34:Z34,增益属性!$A:$A,增益属性!$O:$O,0)))))*0.5+INT(VLOOKUP(VLOOKUP($A$2,干员属性!$A:$AB,25,FALSE),$B$3:$C$6,2,FALSE)*(1+SUM(_xlfn.XLOOKUP(L34:Z34,增益属性!$A:$A,增益属性!$O:$O,0))))*0.2+(INT(IFERROR(VLOOKUP(VLOOKUP($A$2,干员属性!$A:$AB,26,FALSE),$B$3:$C$6,2,FALSE),0)/(1+$C$25)*(1+$C$25+SUM(_xlfn.XLOOKUP(L34:Z34,增益属性!$A:$A,增益属性!$O:$O,0))))+INT(IFERROR(VLOOKUP(VLOOKUP($A$2,干员属性!$A:$AB,27,FALSE),$B$3:$C$6,2,FALSE),0)*(1+SUM(_xlfn.XLOOKUP(L34:Z34,增益属性!$A:$A,增益属性!$O:$O,0)))))*VLOOKUP($A$2,干员属性!$A:$AB,28,FALSE))/100)} -> 6896.898 | AD34: {=$C$10+VLOOKUP(K34,技能属性!$A:$Z,3,FALSE)+SUM(_xlfn.XLOOKUP(L34:Z34,增益属性!$A:$A,增益属性!$B:$B))} -> 0.16 | AE34: {=$C$11+VLOOKUP(K34,技能属性!$A:$AB,4,FALSE)+SUM(_xlfn.XLOOKUP(L34:Z34,增益属性!$A:$A,增益属性!$C:$C))} -> 1.5 | AF34: {=VLOOKUP(VLOOKUP(K34,技能属性!$A:$Z,5,FALSE),$B$14:$C$18,2,FALSE)+SUM(_xlfn.XLOOKUP(L34:Z34,增益属性!$A:$A,增益属性!$D:$D))+SUM(_xlfn.XLOOKUP(L34:Z34,增益属性!$A:$A,增益属性!$E:$E))+IF(VLOOKUP(K34,技能属性!$A:$Z,6,FALSE)="无",0,VLOOKUP(VLOOKUP(K34,技能属性!$A:$Z,6,FALSE),$B$20:$C$23,2,FALSE))+IF(VLOOKUP(K34,技能属性!$A:$Z,7,FALSE)=0,0,$C$19)} -> 0.7045 | AG34: {=IF(VLOOKUP(K34,技能属性!$A:$Z,8,FALSE)=0,0,$C$12+SUM(_xlfn.XLOOKUP(L34:Z34,增益属性!$A:$A,增益属性!$F:$F)))} -> 0 | AH34: {=VLOOKUP(K34,技能属性!$A:$Z,9,FALSE)+SUM(_xlfn.XLOOKUP(L34:Z34,增益属性!$A:$A,增益属性!$G:$G))} -> 0 | AI34: {=VLOOKUP(K34,技能属性!$A:$Z,10,FALSE)+SUM(_xlfn.XLOOKUP(L34:Z34,增益属性!$A:$A,增益属性!$H:$H))} -> 0 | AJ34: {=VLOOKUP(K34,技能属性!$A:$Z,11,FALSE)+SUM(_xlfn.XLOOKUP(L34:Z34,增益属性!$A:$A,增益属性!$I:$I))} -> 0 | AK34: {=VLOOKUP(K34,技能属性!$A:$Z,12,FALSE)+SUM(_xlfn.XLOOKUP(L34:Z34,增益属性!$A:$A,增益属性!$J:$J))} -> 0 | AL34: {=VLOOKUP(K34,技能属性!$A:$Z,13,FALSE)+SUM(_xlfn.XLOOKUP(L34:Z34,增益属性!$A:$A,增益属性!$K:$K))} -> 0 | AM34: {=VLOOKUP(K34,技能属性!$A:$Z,14,FALSE)+SUM(_xlfn.XLOOKUP(L34:Z34,增益属性!$A:$A,增益属性!$L:$L))} -> 0 | AN34: {=VLOOKUP(K34,技能属性!$A:$Z,15,FALSE)+SUM(_xlfn.XLOOKUP(L34:Z34,增益属性!$A:$A,增益属性!$M:$M))} -> 0
G35: =AA35*AC35*(1+AF35)*(1+AG35)*(1+AH35)*(1+AI35)*(1+AJ35)*(1+AK35)*(1-$D$2+AL35)*(1+AM35)*(1+AN35)*0.5*AE35*J35 -> 0 | H35: =AA35*AC35*(1+AF35)*(1+AG35)*(1+AH35)*(1+AI35)*(1+AJ35)*(1+AK35)*(1-$D$2+AL35)*(1+AM35)*(1+AN35)*0.5*J35 -> 0 | I35: =AA35*AC35*(1+AF35)*(1+AG35)*(1+AH35)*(1+AI35)*(1+AJ35)*(1+AK35)*(1-$D$2+AL35)*(1+AM35)*(1+AN35)*0.5*(AE35*AD35+(1-AD35))*J35 -> 0 | J35: 1 | K35: N/a | L35: N/a | M35: N/a | N35: N/a | O35: N/a | P35: N/a | Q35: N/a | R35: N/a | S35: N/a | T35: N/a | U35: N/a | V35: N/a | W35: N/a | X35: N/a | Y35: N/a | Z35: N/a | AA35: =VLOOKUP(K35,技能属性!$A:$AB,2,FALSE) -> 0 | AB35: {=$C$8+SUM(_xlfn.XLOOKUP(L35:Z35,增益属性!$A:$A,增益属性!$N:$N,0))} -> 0.47 | AC35: {=($C$7*(1+AB35)+$C$27)*(1+(INT((VLOOKUP(VLOOKUP($A$2,干员属性!$A:$AB,24,FALSE),$B$3:$C$6,2,FALSE)/(1+$C$24)*(1+$C$24+SUM(_xlfn.XLOOKUP(L35:Z35,增益属性!$A:$A,增益属性!$O:$O,0)))))*0.5+INT(VLOOKUP(VLOOKUP($A$2,干员属性!$A:$AB,25,FALSE),$B$3:$C$6,2,FALSE)*(1+SUM(_xlfn.XLOOKUP(L35:Z35,增益属性!$A:$A,增益属性!$O:$O,0))))*0.2+(INT(IFERROR(VLOOKUP(VLOOKUP($A$2,干员属性!$A:$AB,26,FALSE),$B$3:$C$6,2,FALSE),0)/(1+$C$25)*(1+$C$25+SUM(_xlfn.XLOOKUP(L35:Z35,增益属性!$A:$A,增益属性!$O:$O,0))))+INT(IFERROR(VLOOKUP(VLOOKUP($A$2,干员属性!$A:$AB,27,FALSE),$B$3:$C$6,2,FALSE),0)*(1+SUM(_xlfn.XLOOKUP(L35:Z35,增益属性!$A:$A,增益属性!$O:$O,0)))))*VLOOKUP($A$2,干员属性!$A:$AB,28,FALSE))/100)} -> 6896.898 | AD35: {=$C$10+VLOOKUP(K35,技能属性!$A:$Z,3,FALSE)+SUM(_xlfn.XLOOKUP(L35:Z35,增益属性!$A:$A,增益属性!$B:$B))} -> 0.16 | AE35: {=$C$11+VLOOKUP(K35,技能属性!$A:$AB,4,FALSE)+SUM(_xlfn.XLOOKUP(L35:Z35,增益属性!$A:$A,增益属性!$C:$C))} -> 1.5 | AF35: {=VLOOKUP(VLOOKUP(K35,技能属性!$A:$Z,5,FALSE),$B$14:$C$18,2,FALSE)+SUM(_xlfn.XLOOKUP(L35:Z35,增益属性!$A:$A,增益属性!$D:$D))+SUM(_xlfn.XLOOKUP(L35:Z35,增益属性!$A:$A,增益属性!$E:$E))+IF(VLOOKUP(K35,技能属性!$A:$Z,6,FALSE)="无",0,VLOOKUP(VLOOKUP(K35,技能属性!$A:$Z,6,FALSE),$B$20:$C$23,2,FALSE))+IF(VLOOKUP(K35,技能属性!$A:$Z,7,FALSE)=0,0,$C$19)} -> 0.7045 | AG35: {=IF(VLOOKUP(K35,技能属性!$A:$Z,8,FALSE)=0,0,$C$12+SUM(_xlfn.XLOOKUP(L35:Z35,增益属性!$A:$A,增益属性!$F:$F)))} -> 0 | AH35: {=VLOOKUP(K35,技能属性!$A:$Z,9,FALSE)+SUM(_xlfn.XLOOKUP(L35:Z35,增益属性!$A:$A,增益属性!$G:$G))} -> 0 | AI35: {=VLOOKUP(K35,技能属性!$A:$Z,10,FALSE)+SUM(_xlfn.XLOOKUP(L35:Z35,增益属性!$A:$A,增益属性!$H:$H))} -> 0 | AJ35: {=VLOOKUP(K35,技能属性!$A:$Z,11,FALSE)+SUM(_xlfn.XLOOKUP(L35:Z35,增益属性!$A:$A,增益属性!$I:$I))} -> 0 | AK35: {=VLOOKUP(K35,技能属性!$A:$Z,12,FALSE)+SUM(_xlfn.XLOOKUP(L35:Z35,增益属性!$A:$A,增益属性!$J:$J))} -> 0 | AL35: {=VLOOKUP(K35,技能属性!$A:$Z,13,FALSE)+SUM(_xlfn.XLOOKUP(L35:Z35,增益属性!$A:$A,增益属性!$K:$K))} -> 0 | AM35: {=VLOOKUP(K35,技能属性!$A:$Z,14,FALSE)+SUM(_xlfn.XLOOKUP(L35:Z35,增益属性!$A:$A,增益属性!$L:$L))} -> 0 | AN35: {=VLOOKUP(K35,技能属性!$A:$Z,15,FALSE)+SUM(_xlfn.XLOOKUP(L35:Z35,增益属性!$A:$A,增益属性!$M:$M))} -> 0
G36: =AA36*AC36*(1+AF36)*(1+AG36)*(1+AH36)*(1+AI36)*(1+AJ36)*(1+AK36)*(1-$D$2+AL36)*(1+AM36)*(1+AN36)*0.5*AE36*J36 -> 0 | H36: =AA36*AC36*(1+AF36)*(1+AG36)*(1+AH36)*(1+AI36)*(1+AJ36)*(1+AK36)*(1-$D$2+AL36)*(1+AM36)*(1+AN36)*0.5*J36 -> 0 | I36: =AA36*AC36*(1+AF36)*(1+AG36)*(1+AH36)*(1+AI36)*(1+AJ36)*(1+AK36)*(1-$D$2+AL36)*(1+AM36)*(1+AN36)*0.5*(AE36*AD36+(1-AD36))*J36 -> 0 | J36: 1 | K36: N/a | L36: N/a | M36: N/a | N36: N/a | O36: N/a | P36: N/a | Q36: N/a | R36: N/a | S36: N/a | T36: N/a | U36: N/a | V36: N/a | W36: N/a | X36: N/a | Y36: N/a | Z36: N/a | AA36: =VLOOKUP(K36,技能属性!$A:$AB,2,FALSE) -> 0 | AB36: {=$C$8+SUM(_xlfn.XLOOKUP(L36:Z36,增益属性!$A:$A,增益属性!$N:$N,0))} -> 0.47 | AC36: {=($C$7*(1+AB36)+$C$27)*(1+(INT((VLOOKUP(VLOOKUP($A$2,干员属性!$A:$AB,24,FALSE),$B$3:$C$6,2,FALSE)/(1+$C$24)*(1+$C$24+SUM(_xlfn.XLOOKUP(L36:Z36,增益属性!$A:$A,增益属性!$O:$O,0)))))*0.5+INT(VLOOKUP(VLOOKUP($A$2,干员属性!$A:$AB,25,FALSE),$B$3:$C$6,2,FALSE)*(1+SUM(_xlfn.XLOOKUP(L36:Z36,增益属性!$A:$A,增益属性!$O:$O,0))))*0.2+(INT(IFERROR(VLOOKUP(VLOOKUP($A$2,干员属性!$A:$AB,26,FALSE),$B$3:$C$6,2,FALSE),0)/(1+$C$25)*(1+$C$25+SUM(_xlfn.XLOOKUP(L36:Z36,增益属性!$A:$A,增益属性!$O:$O,0))))+INT(IFERROR(VLOOKUP(VLOOKUP($A$2,干员属性!$A:$AB,27,FALSE),$B$3:$C$6,2,FALSE),0)*(1+SUM(_xlfn.XLOOKUP(L36:Z36,增益属性!$A:$A,增益属性!$O:$O,0)))))*VLOOKUP($A$2,干员属性!$A:$AB,28,FALSE))/100)} -> 6896.898 | AD36: {=$C$10+VLOOKUP(K36,技能属性!$A:$Z,3,FALSE)+SUM(_xlfn.XLOOKUP(L36:Z36,增益属性!$A:$A,增益属性!$B:$B))} -> 0.16 | AE36: {=$C$11+VLOOKUP(K36,技能属性!$A:$AB,4,FALSE)+SUM(_xlfn.XLOOKUP(L36:Z36,增益属性!$A:$A,增益属性!$C:$C))} -> 1.5 | AF36: {=VLOOKUP(VLOOKUP(K36,技能属性!$A:$Z,5,FALSE),$B$14:$C$18,2,FALSE)+SUM(_xlfn.XLOOKUP(L36:Z36,增益属性!$A:$A,增益属性!$D:$D))+SUM(_xlfn.XLOOKUP(L36:Z36,增益属性!$A:$A,增益属性!$E:$E))+IF(VLOOKUP(K36,技能属性!$A:$Z,6,FALSE)="无",0,VLOOKUP(VLOOKUP(K36,技能属性!$A:$Z,6,FALSE),$B$20:$C$23,2,FALSE))+IF(VLOOKUP(K36,技能属性!$A:$Z,7,FALSE)=0,0,$C$19)} -> 0.7045 | AG36: {=IF(VLOOKUP(K36,技能属性!$A:$Z,8,FALSE)=0,0,$C$12+SUM(_xlfn.XLOOKUP(L36:Z36,增益属性!$A:$A,增益属性!$F:$F)))} -> 0 | AH36: {=VLOOKUP(K36,技能属性!$A:$Z,9,FALSE)+SUM(_xlfn.XLOOKUP(L36:Z36,增益属性!$A:$A,增益属性!$G:$G))} -> 0 | AI36: {=VLOOKUP(K36,技能属性!$A:$Z,10,FALSE)+SUM(_xlfn.XLOOKUP(L36:Z36,增益属性!$A:$A,增益属性!$H:$H))} -> 0 | AJ36: {=VLOOKUP(K36,技能属性!$A:$Z,11,FALSE)+SUM(_xlfn.XLOOKUP(L36:Z36,增益属性!$A:$A,增益属性!$I:$I))} -> 0 | AK36: {=VLOOKUP(K36,技能属性!$A:$Z,12,FALSE)+SUM(_xlfn.XLOOKUP(L36:Z36,增益属性!$A:$A,增益属性!$J:$J))} -> 0 | AL36: {=VLOOKUP(K36,技能属性!$A:$Z,13,FALSE)+SUM(_xlfn.XLOOKUP(L36:Z36,增益属性!$A:$A,增益属性!$K:$K))} -> 0 | AM36: {=VLOOKUP(K36,技能属性!$A:$Z,14,FALSE)+SUM(_xlfn.XLOOKUP(L36:Z36,增益属性!$A:$A,增益属性!$L:$L))} -> 0 | AN36: {=VLOOKUP(K36,技能属性!$A:$Z,15,FALSE)+SUM(_xlfn.XLOOKUP(L36:Z36,增益属性!$A:$A,增益属性!$M:$M))} -> 0

Sheet 期望1 (2)
A1: 干员 | B1: 主能力 | C1: 副能力 | D1: 怪物抗性 | G1: 暴击伤害 | H1: 非暴击伤害 | I1: 期望伤害 | J1: 次数 | K1: 技能名 | L1: 增益1 | M1: 增益2 | N1: 增益3 | O1: 增益4 | P1: 增益5 | Q1: 增益6 | R1: 增益7 | S1: 增益8 | T1: 增益9 | U1: 增益10 | V1: 增益11 | W1: 增益12 | X1: 增益13 | Y1: 增益14 | Z1: 增益15 | AA1: 倍率 | AB1: 攻击加成 | AC1: 即时攻击 | AD1: 暴击 | AE1: 暴击伤害 | AF1: 伤害加成 | AG1: 源石技艺加成 | AH1: 增幅加成 | AI1: 脆弱加成 | AJ1: 易伤加成 | AK1: 失衡易伤加成 | AL1: 抗性 | AM1: 连击加成 | AN1: 特殊加成
A2: 弭弗0-1潜 | B2: =VLOOKUP($A$2,干员属性!$A:$AG,24,FALSE) -> 力量 | C2: =VLOOKUP($A$2,干员属性!$A:$AG,25,FALSE) -> 意志 | D2: 0 | G2: =AA2*AC2*(1+AF2)*(1+AG2)*(1+AH2)*(1+AI2)*(1+AJ2)*(1+AK2)*(1-$D$2+AL2)*(1+AM2)*(1+AN2)*0.5*AE2*J2 -> 198099.06 | H2: =AA2*AC2*(1+AF2)*(1+AG2)*(1+AH2)*(1+AI2)*(1+AJ2)*(1+AK2)*(1-$D$2+AL2)*(1+AM2)*(1+AN2)*0.5*J2 -> 132066.04 | I2: =AA2*AC2*(1+AF2)*(1+AG2)*(1+AH2)*(1+AI2)*(1+AJ2)*(1+AK2)*(1-$D$2+AL2)*(1+AM2)*(1+AN2)*0.5*(AE2*AD2+(1-AD2))*J2 -> 142631.32 | J2: 1 | K2: 3层猛击 | L2: 旧锋3层翻倍 | M2: 弭弗连携脆弱0潜 | N2: 幻想苦痛3层5潜 | O2: N/a | P2: N/a | Q2: N/a | R2: N/a | S2: N/a | T2: N/a | U2: N/a | V2: N/a | W2: N/a | X2: N/a | Y2: N/a | Z2: N/a | AA2: =VLOOKUP(K2,技能属性!$A:$AB,2,FALSE) -> 6 | AB2: {=$C$8+SUM(_xlfn.XLOOKUP(L2:Z2,增益属性!$A:$A,增益属性!$N:$N,0))} -> 0.08 | AC2: {=($C$7*(1+AB2)+$C$27)*(1+(INT((VLOOKUP(VLOOKUP($A$2,干员属性!$A:$AB,24,FALSE),$B$3:$C$6,2,FALSE)/(1+$C$24)*(1+$C$24+SUM(_xlfn.XLOOKUP(L2:Z2,增益属性!$A:$A,增益属性!$O:$O,0)))))*0.5+INT(VLOOKUP(VLOOKUP($A$2,干员属性!$A:$AB,25,FALSE),$B$3:$C$6,2,FALSE)*(1+SUM(_xlfn.XLOOKUP(L2:Z2,增益属性!$A:$A,增益属性!$O:$O,0))))*0.2+(INT(IFERROR(VLOOKUP(VLOOKUP($A$2,干员属性!$A:$AB,26,FALSE),$B$3:$C$6,2,FALSE),0)/(1+$C$25)*(1+$C$25+SUM(_xlfn.XLOOKUP(L2:Z2,增益属性!$A:$A,增益属性!$O:$O,0))))+INT(IFERROR(VLOOKUP(VLOOKUP($A$2,干员属性!$A:$AB,27,FALSE),$B$3:$C$6,2,FALSE),0)*(1+SUM(_xlfn.XLOOKUP(L2:Z2,增益属性!$A:$A,增益属性!$O:$O,0)))))*VLOOKUP($A$2,干员属性!$A:$AB,28,FALSE))/100)} -> 5196.6288 | AD2: {=$C$10+VLOOKUP(K2,技能属性!$A:$Z,3,FALSE)+SUM(_xlfn.XLOOKUP(L2:Z2,增益属性!$A:$A,增益属性!$B:$B))} -> 0.16 | AE2: {=$C$11+VLOOKUP(K2,技能属性!$A:$AB,4,FALSE)+SUM(_xlfn.XLOOKUP(L2:Z2,增益属性!$A:$A,增益属性!$C:$C))} -> 1.5 | AF2: {=VLOOKUP(VLOOKUP(K2,技能属性!$A:$Z,5,FALSE),$B$14:$C$18,2,FALSE)+SUM(_xlfn.XLOOKUP(L2:Z2,增益属性!$A:$A,增益属性!$D:$D))+SUM(_xlfn.XLOOKUP(L2:Z2,增益属性!$A:$A,增益属性!$E:$E))+IF(VLOOKUP(K2,技能属性!$A:$Z,6,FALSE)="无",0,VLOOKUP(VLOOKUP(K2,技能属性!$A:$Z,6,FALSE),$B$20:$C$23,2,FALSE))+IF(VLOOKUP(K2,技能属性!$A:$Z,7,FALSE)=0,0,$C$19)} -> 1.3765 | AG2: {=IF(VLOOKUP(K2,技能属性!$A:$Z,8,FALSE)=0,0,$C$12+SUM(_xlfn.XLOOKUP(L2:Z2,增益属性!$A:$A,增益属性!$F:$F)))} -> 1.7667 | AH2: {=VLOOKUP(K2,技能属性!$A:$Z,9,FALSE)+SUM(_xlfn.XLOOKUP(L2:Z2,增益属性!$A:$A,增益属性!$G:$G))} -> 0 | AI2: {=VLOOKUP(K2,技能属性!$A:$Z,10,FALSE)+SUM(_xlfn.XLOOKUP(L2:Z2,增益属性!$A:$A,增益属性!$H:$H))} -> 0.05 | AJ2: {=VLOOKUP(K2,技能属性!$A:$Z,11,FALSE)+SUM(_xlfn.XLOOKUP(L2:Z2,增益属性!$A:$A,增益属性!$I:$I))} -> 0 | AK2: {=VLOOKUP(K2,技能属性!$A:$Z,12,FALSE)+SUM(_xlfn.XLOOKUP(L2:Z2,增益属性!$A:$A,增益属性!$J:$J))} -> 0 | AL2: {=VLOOKUP(K2,技能属性!$A:$Z,13,FALSE)+SUM(_xlfn.XLOOKUP(L2:Z2,增益属性!$A:$A,增益属性!$K:$K))} -> 0 | AM2: {=VLOOKUP(K2,技能属性!$A:$Z,14,FALSE)+SUM(_xlfn.XLOOKUP(L2:Z2,增益属性!$A:$A,增益属性!$L:$L))} -> 0 | AN2: {=VLOOKUP(K2,技能属性!$A:$Z,15,FALSE)+SUM(_xlfn.XLOOKUP(L2:Z2,增益属性!$A:$A,增益属性!$M:$M))} -> 0.22704082
A3: 武器 | B3: 力量 | C3: =(VLOOKUP($A$2,干员属性!$A:$AG,3,FALSE)+IF(B3=B2,VLOOKUP($A$4,武器属性!$A:$AB,3,FALSE),0)+IF(B3=C2,VLOOKUP($A$4,武器属性!$A:$AB,4,FALSE),0)+VLOOKUP($A$4,武器属性!$A:$AB,5,FALSE)+VLOOKUP($A$6,护甲属性!$A:$Z,3,FALSE)+VLOOKUP($A$8,护手属性!$A:$Z,3,FALSE)+VLOOKUP($A$10,配件属性!$A:$Z,3,FALSE)+VLOOKUP($A$12,配件属性!$A:$Z,3,FALSE)+VLOOKUP($A$14,套装属性!$A:$Z,3,FALSE)+VLOOKUP($A$16,食物属性!$A:$Z,3,FALSE))*(1+(IF(B2="力量",C24,0)+IF(C2="力量",C25,0))) -> 680.46 | G3: =AA3*AC3*(1+AF3)*(1+AG3)*(1+AH3)*(1+AI3)*(1+AJ3)*(1+AK3)*(1-$D$2+AL3)*(1+AM3)*(1+AN3)*0.5*AE3*J3 -> 19450.917 | H3: =AA3*AC3*(1+AF3)*(1+AG3)*(1+AH3)*(1+AI3)*(1+AJ3)*(1+AK3)*(1-$D$2+AL3)*(1+AM3)*(1+AN3)*0.5*J3 -> 12967.278 | I3: =AA3*AC3*(1+AF3)*(1+AG3)*(1+AH3)*(1+AI3)*(1+AJ3)*(1+AK3)*(1-$D$2+AL3)*(1+AM3)*(1+AN3)*0.5*(AE3*AD3+(1-AD3))*J3 -> 14004.66 | J3: 1 | K3: 弭弗战技二(0-4潜) | L3: 旧锋3层翻倍 | M3: 弭弗连携脆弱0潜 | N3: 幻想苦痛3层5潜 | O3: N/a | P3: N/a | Q3: N/a | R3: N/a | S3: N/a | T3: N/a | U3: N/a | V3: N/a | W3: N/a | X3: N/a | Y3: N/a | Z3: N/a | AA3: =VLOOKUP(K3,技能属性!$A:$AB,2,FALSE) -> 2 | AB3: {=$C$8+SUM(_xlfn.XLOOKUP(L3:Z3,增益属性!$A:$A,增益属性!$N:$N,0))} -> 0.08 | AC3: {=($C$7*(1+AB3)+$C$27)*(1+(INT((VLOOKUP(VLOOKUP($A$2,干员属性!$A:$AB,24,FALSE),$B$3:$C$6,2,FALSE)/(1+$C$24)*(1+$C$24+SUM(_xlfn.XLOOKUP(L3:Z3,增益属性!$A:$A,增益属性!$O:$O,0)))))*0.5+INT(VLOOKUP(VLOOKUP($A$2,干员属性!$A:$AB,25,FALSE),$B$3:$C$6,2,FALSE)*(1+SUM(_xlfn.XLOOKUP(L3:Z3,增益属性!$A:$A,增益属性!$O:$O,0))))*0.2+(INT(IFERROR(VLOOKUP(VLOOKUP($A$2,干员属性!$A:$AB,26,FALSE),$B$3:$C$6,2,FALSE),0)/(1+$C$25)*(1+$C$25+SUM(_xlfn.XLOOKUP(L3:Z3,增益属性!$A:$A,增益属性!$O:$O,0))))+INT(IFERROR(VLOOKUP(VLOOKUP($A$2,干员属性!$A:$AB,27,FALSE),$B$3:$C$6,2,FALSE),0)*(1+SUM(_xlfn.XLOOKUP(L3:Z3,增益属性!$A:$A,增益属性!$O:$O,0)))))*VLOOKUP($A$2,干员属性!$A:$AB,28,FALSE))/100)} -> 5196.6288 | AD3: {=$C$10+VLOOKUP(K3,技能属性!$A:$Z,3,FALSE)+SUM(_xlfn.XLOOKUP(L3:Z3,增益属性!$A:$A,增益属性!$B:$B))} -> 0.16 | AE3: {=$C$11+VLOOKUP(K3,技能属性!$A:$AB,4,FALSE)+SUM(_xlfn.XLOOKUP(L3:Z3,增益属性!$A:$A,增益属性!$C:$C))} -> 1.5 | AF3: {=VLOOKUP(VLOOKUP(K3,技能属性!$A:$Z,5,FALSE),$B$14:$C$18,2,FALSE)+SUM(_xlfn.XLOOKUP(L3:Z3,增益属性!$A:$A,增益属性!$D:$D))+SUM(_xlfn.XLOOKUP(L3:Z3,增益属性!$A:$A,增益属性!$E:$E))+IF(VLOOKUP(K3,技能属性!$A:$Z,6,FALSE)="无",0,VLOOKUP(VLOOKUP(K3,技能属性!$A:$Z,6,FALSE),$B$20:$C$23,2,FALSE))+IF(VLOOKUP(K3,技能属性!$A:$Z,7,FALSE)=0,0,$C$19)} -> 1.3765 | AG3: {=IF(VLOOKUP(K3,技能属性!$A:$Z,8,FALSE)=0,0,$C$12+SUM(_xlfn.XLOOKUP(L3:Z3,增益属性!$A:$A,增益属性!$F:$F)))} -> 0 | AH3: {=VLOOKUP(K3,技能属性!$A:$Z,9,FALSE)+SUM(_xlfn.XLOOKUP(L3:Z3,增益属性!$A:$A,增益属性!$G:$G))} -> 0 | AI3: {=VLOOKUP(K3,技能属性!$A:$Z,10,FALSE)+SUM(_xlfn.XLOOKUP(L3:Z3,增益属性!$A:$A,增益属性!$H:$H))} -> 0.05 | AJ3: {=VLOOKUP(K3,技能属性!$A:$Z,11,FALSE)+SUM(_xlfn.XLOOKUP(L3:Z3,增益属性!$A:$A,增益属性!$I:$I))} -> 0 | AK3: {=VLOOKUP(K3,技能属性!$A:$Z,12,FALSE)+SUM(_xlfn.XLOOKUP(L3:Z3,增益属性!$A:$A,增益属性!$J:$J))} -> 0 | AL3: {=VLOOKUP(K3,技能属性!$A:$Z,13,FALSE)+SUM(_xlfn.XLOOKUP(L3:Z3,增益属性!$A:$A,增益属性!$K:$K))} -> 0 | AM3: {=VLOOKUP(K3,技能属性!$A:$Z,14,FALSE)+SUM(_xlfn.XLOOKUP(L3:Z3,增益属性!$A:$A,增益属性!$L:$L))} -> 0 | AN3: {=VLOOKUP(K3,技能属性!$A:$Z,15,FALSE)+SUM(_xlfn.XLOOKUP(L3:Z3,增益属性!$A:$A,增益属性!$M:$M))} -> 0
A4: 幻想痛苦5潜 | B4: 敏捷 | C4: =(VLOOKUP($A$2,干员属性!$A:$AG,4,FALSE)+IF(B4=B2,VLOOKUP($A$4,武器属性!$A:$AB,3,FALSE),0)+IF(B4=C2,VLOOKUP($A$4,武器属性!$A:$AB,4,FALSE),0)+VLOOKUP($A$4,武器属性!$A:$AB,6,FALSE)+VLOOKUP($A$6,护甲属性!$A:$Z,4,FALSE)+VLOOKUP($A$8,护手属性!$A:$Z,4,FALSE)+VLOOKUP($A$10,配件属性!$A:$Z,4,FALSE)+VLOOKUP($A$12,配件属性!$A:$Z,4,FALSE)+VLOOKUP($A$14,套装属性!$A:$Z,4,FALSE)+VLOOKUP($A$16,食物属性!$A:$Z,4,FALSE))*(1+(IF(B2="敏捷",C24,0)+IF(C2="敏捷",C25,0))) -> 92.94 | D4: 轴长 | E4: 1 | G4: =AA4*AC4*(1+AF4)*(1+AG4)*(1+AH4)*(1+AI4)*(1+AJ4)*(1+AK4)*(1-$D$2+AL4)*(1+AM4)*(1+AN4)*0.5*AE4*J4 -> 193733.46 | H4: =AA4*AC4*(1+AF4)*(1+AG4)*(1+AH4)*(1+AI4)*(1+AJ4)*(1+AK4)*(1-$D$2+AL4)*(1+AM4)*(1+AN4)*0.5*J4 -> 129155.64 | I4: =AA4*AC4*(1+AF4)*(1+AG4)*(1+AH4)*(1+AI4)*(1+AJ4)*(1+AK4)*(1-$D$2+AL4)*(1+AM4)*(1+AN4)*0.5*(AE4*AD4+(1-AD4))*J4 -> 139488.09 | J4: 1 | K4: 弭弗战技三(0-4潜) | L4: 旧锋3层翻倍 | M4: 弭弗连携脆弱0潜 | N4: 幻想苦痛3层5潜 | O4: N/a | P4: N/a | Q4: N/a | R4: N/a | S4: N/a | T4: N/a | U4: N/a | V4: N/a | W4: N/a | X4: N/a | Y4: N/a | Z4: N/a | AA4: =VLOOKUP(K4,技能属性!$A:$AB,2,FALSE) -> 6 | AB4: {=$C$8+SUM(_xlfn.XLOOKUP(L4:Z4,增益属性!$A:$A,增益属性!$N:$N,0))} -> 0.08 | AC4: {=($C$7*(1+AB4)+$C$27)*(1+(INT((VLOOKUP(VLOOKUP($A$2,干员属性!$A:$AB,24,FALSE),$B$3:$C$6,2,FALSE)/(1+$C$24)*(1+$C$24+SUM(_xlfn.XLOOKUP(L4:Z4,增益属性!$A:$A,增益属性!$O:$O,0)))))*0.5+INT(VLOOKUP(VLOOKUP($A$2,干员属性!$A:$AB,25,FALSE),$B$3:$C$6,2,FALSE)*(1+SUM(_xlfn.XLOOKUP(L4:Z4,增益属性!$A:$A,增益属性!$O:$O,0))))*0.2+(INT(IFERROR(VLOOKUP(VLOOKUP($A$2,干员属性!$A:$AB,26,FALSE),$B$3:$C$6,2,FALSE),0)/(1+$C$25)*(1+$C$25+SUM(_xlfn.XLOOKUP(L4:Z4,增益属性!$A:$A,增益属性!$O:$O,0))))+INT(IFERROR(VLOOKUP(VLOOKUP($A$2,干员属性!$A:$AB,27,FALSE),$B$3:$C$6,2,FALSE),0)*(1+SUM(_xlfn.XLOOKUP(L4:Z4,增益属性!$A:$A,增益属性!$O:$O,0)))))*VLOOKUP($A$2,干员属性!$A:$AB,28,FALSE))/100)} -> 5196.6288 | AD4: {=$C$10+VLOOKUP(K4,技能属性!$A:$Z,3,FALSE)+SUM(_xlfn.XLOOKUP(L4:Z4,增益属性!$A:$A,增益属性!$B:$B))} -> 0.16 | AE4: {=$C$11+VLOOKUP(K4,技能属性!$A:$AB,4,FALSE)+SUM(_xlfn.XLOOKUP(L4:Z4,增益属性!$A:$A,增益属性!$C:$C))} -> 1.5 | AF4: {=VLOOKUP(VLOOKUP(K4,技能属性!$A:$Z,5,FALSE),$B$14:$C$18,2,FALSE)+SUM(_xlfn.XLOOKUP(L4:Z4,增益属性!$A:$A,增益属性!$D:$D))+SUM(_xlfn.XLOOKUP(L4:Z4,增益属性!$A:$A,增益属性!$E:$E))+IF(VLOOKUP(K4,技能属性!$A:$Z,6,FALSE)="无",0,VLOOKUP(VLOOKUP(K4,技能属性!$A:$Z,6,FALSE),$B$20:$C$23,2,FALSE))+IF(VLOOKUP(K4,技能属性!$A:$Z,7,FALSE)=0,0,$C$19)} -> 1.3765 | AG4: {=IF(VLOOKUP(K4,技能属性!$A:$Z,8,FALSE)=0,0,$C$12+SUM(_xlfn.XLOOKUP(L4:Z4,增益属性!$A:$A,增益属性!$F:$F)))} -> 1.7667 | AH4: {=VLOOKUP(K4,技能属性!$A:$Z,9,FALSE)+SUM(_xlfn.XLOOKUP(L4:Z4,增益属性!$A:$A,增益属性!$G:$G))} -> 0 | AI4: {=VLOOKUP(K4,技能属性!$A:$Z,10,FALSE)+SUM(_xlfn.XLOOKUP(L4:Z4,增益属性!$A:$A,增益属性!$H:$H))} -> 0.05 | AJ4: {=VLOOKUP(K4,技能属性!$A:$Z,11,FALSE)+SUM(_xlfn.XLOOKUP(L4:Z4,增益属性!$A:$A,增益属性!$I:$I))} -> 0 | AK4: {=VLOOKUP(K4,技能属性!$A:$Z,12,FALSE)+SUM(_xlfn.XLOOKUP(L4:Z4,增益属性!$A:$A,增益属性!$J:$J))} -> 0 | AL4: {=VLOOKUP(K4,技能属性!$A:$Z,13,FALSE)+SUM(_xlfn.XLOOKUP(L4:Z4,增益属性!$A:$A,增益属性!$K:$K))} -> 0 | AM4: {=VLOOKUP(K4,技能属性!$A:$Z,14,FALSE)+SUM(_xlfn.XLOOKUP(L4:Z4,增益属性!$A:$A,增益属性!$L:$L))} -> 0 | AN4: {=VLOOKUP(K4,技能属性!$A:$Z,15,FALSE)+SUM(_xlfn.XLOOKUP(L4:Z4,增益属性!$A:$A,增益属性!$M:$M))} -> 0.2
A5: 护甲 | B5: 智识 | C5: =(VLOOKUP($A$2,干员属性!$A:$AG,5,FALSE)+IF(B5=B2,VLOOKUP($A$4,武器属性!$A:$AB,3,FALSE),0)+IF(B5=C2,VLOOKUP($A$4,武器属性!$A:$AB,4,FALSE),0)+VLOOKUP($A$4,武器属性!$A:$AB,7,FALSE)+VLOOKUP($A$6,护甲属性!$A:$Z,5,FALSE)+VLOOKUP($A$8,护手属性!$A:$Z,5,FALSE)+VLOOKUP($A$10,配件属性!$A:$Z,5,FALSE)+VLOOKUP($A$12,配件属性!$A:$Z,5,FALSE)+VLOOKUP($A$14,套装属性!$A:$Z,5,FALSE)+VLOOKUP($A$16,食物属性!$A:$Z,5,FALSE))*(1+(IF(B2="智识",C24,0)+IF(C2="智识",C25,0))) -> 90.9 | G5: =AA5*AC5*(1+AF5)*(1+AG5)*(1+AH5)*(1+AI5)*(1+AJ5)*(1+AK5)*(1-$D$2+AL5)*(1+AM5)*(1+AN5)*0.5*AE5*J5 -> 0 | H5: =AA5*AC5*(1+AF5)*(1+AG5)*(1+AH5)*(1+AI5)*(1+AJ5)*(1+AK5)*(1-$D$2+AL5)*(1+AM5)*(1+AN5)*0.5*J5 -> 0 | I5: =AA5*AC5*(1+AF5)*(1+AG5)*(1+AH5)*(1+AI5)*(1+AJ5)*(1+AK5)*(1-$D$2+AL5)*(1+AM5)*(1+AN5)*0.5*(AE5*AD5+(1-AD5))*J5 -> 0 | J5: 1 | K5: N/a | L5: N/a | M5: N/a | N5: N/a | O5: N/a | P5: N/a | Q5: N/a | R5: N/a | S5: N/a | T5: N/a | U5: N/a | V5: N/a | W5: N/a | X5: N/a | Y5: N/a | Z5: N/a | AA5: =VLOOKUP(K5,技能属性!$A:$AB,2,FALSE) -> 0 | AB5: {=$C$8+SUM(_xlfn.XLOOKUP(L5:Z5,增益属性!$A:$A,增益属性!$N:$N,0))} -> 0.08 | AC5: {=($C$7*(1+AB5)+$C$27)*(1+(INT((VLOOKUP(VLOOKUP($A$2,干员属性!$A:$AB,24,FALSE),$B$3:$C$6,2,FALSE)/(1+$C$24)*(1+$C$24+SUM(_xlfn.XLOOKUP(L5:Z5,增益属性!$A:$A,增益属性!$O:$O,0)))))*0.5+INT(VLOOKUP(VLOOKUP($A$2,干员属性!$A:$AB,25,FALSE),$B$3:$C$6,2,FALSE)*(1+SUM(_xlfn.XLOOKUP(L5:Z5,增益属性!$A:$A,增益属性!$O:$O,0))))*0.2+(INT(IFERROR(VLOOKUP(VLOOKUP($A$2,干员属性!$A:$AB,26,FALSE),$B$3:$C$6,2,FALSE),0)/(1+$C$25)*(1+$C$25+SUM(_xlfn.XLOOKUP(L5:Z5,增益属性!$A:$A,增益属性!$O:$O,0))))+INT(IFERROR(VLOOKUP(VLOOKUP($A$2,干员属性!$A:$AB,27,FALSE),$B$3:$C$6,2,FALSE),0)*(1+SUM(_xlfn.XLOOKUP(L5:Z5,增益属性!$A:$A,增益属性!$O:$O,0)))))*VLOOKUP($A$2,干员属性!$A:$AB,28,FALSE))/100)} -> 5196.6288 | AD5: {=$C$10+VLOOKUP(K5,技能属性!$A:$Z,3,FALSE)+SUM(_xlfn.XLOOKUP(L5:Z5,增益属性!$A:$A,增益属性!$B:$B))} -> 0.16 | AE5: {=$C$11+VLOOKUP(K5,技能属性!$A:$AB,4,FALSE)+SUM(_xlfn.XLOOKUP(L5:Z5,增益属性!$A:$A,增益属性!$C:$C))} -> 1.5 | AF5: {=VLOOKUP(VLOOKUP(K5,技能属性!$A:$Z,5,FALSE),$B$14:$C$18,2,FALSE)+SUM(_xlfn.XLOOKUP(L5:Z5,增益属性!$A:$A,增益属性!$D:$D))+SUM(_xlfn.XLOOKUP(L5:Z5,增益属性!$A:$A,增益属性!$E:$E))+IF(VLOOKUP(K5,技能属性!$A:$Z,6,FALSE)="无",0,VLOOKUP(VLOOKUP(K5,技能属性!$A:$Z,6,FALSE),$B$20:$C$23,2,FALSE))+IF(VLOOKUP(K5,技能属性!$A:$Z,7,FALSE)=0,0,$C$19)} -> 0.6445 | AG5: {=IF(VLOOKUP(K5,技能属性!$A:$Z,8,FALSE)=0,0,$C$12+SUM(_xlfn.XLOOKUP(L5:Z5,增益属性!$A:$A,增益属性!$F:$F)))} -> 0 | AH5: {=VLOOKUP(K5,技能属性!$A:$Z,9,FALSE)+SUM(_xlfn.XLOOKUP(L5:Z5,增益属性!$A:$A,增益属性!$G:$G))} -> 0 | AI5: {=VLOOKUP(K5,技能属性!$A:$Z,10,FALSE)+SUM(_xlfn.XLOOKUP(L5:Z5,增益属性!$A:$A,增益属性!$H:$H))} -> 0 | AJ5: {=VLOOKUP(K5,技能属性!$A:$Z,11,FALSE)+SUM(_xlfn.XLOOKUP(L5:Z5,增益属性!$A:$A,增益属性!$I:$I))} -> 0 | AK5: {=VLOOKUP(K5,技能属性!$A:$Z,12,FALSE)+SUM(_xlfn.XLOOKUP(L5:Z5,增益属性!$A:$A,增益属性!$J:$J))} -> 0 | AL5: {=VLOOKUP(K5,技能属性!$A:$Z,13,FALSE)+SUM(_xlfn.XLOOKUP(L5:Z5,增益属性!$A:$A,增益属性!$K:$K))} -> 0 | AM5: {=VLOOKUP(K5,技能属性!$A:$Z,14,FALSE)+SUM(_xlfn.XLOOKUP(L5:Z5,增益属性!$A:$A,增益属性!$L:$L))} -> 0 | AN5: {=VLOOKUP(K5,技能属性!$A:$Z,15,FALSE)+SUM(_xlfn.XLOOKUP(L5:Z5,增益属性!$A:$A,增益属性!$M:$M))} -> 0
A6: 旧锋装甲3锻 | B6: 意志 | C6: =(VLOOKUP($A$2,干员属性!$A:$AG,6,FALSE)+IF(B6=B2,VLOOKUP($A$4,武器属性!$A:$AB,3,FALSE),0)+IF(B6=C2,VLOOKUP($A$4,武器属性!$A:$AB,4,FALSE),0)+VLOOKUP($A$4,武器属性!$A:$AB,8,FALSE)+VLOOKUP($A$6,护甲属性!$A:$Z,6,FALSE)+VLOOKUP($A$8,护手属性!$A:$Z,6,FALSE)+VLOOKUP($A$10,配件属性!$A:$Z,6,FALSE)+VLOOKUP($A$12,配件属性!$A:$Z,6,FALSE)+VLOOKUP($A$14,套装属性!$A:$Z,6,FALSE)+VLOOKUP($A$16,食物属性!$A:$Z,6,FALSE))*(1+(IF(B2="意志",C24,0)+IF(C2="意志",C25,0))) -> 276.25 | D6: 总伤 | E6: =SUM(I2:I1000) -> 372956.78 | G6: =AA6*AC6*(1+AF6)*(1+AG6)*(1+AH6)*(1+AI6)*(1+AJ6)*(1+AK6)*(1-$D$2+AL6)*(1+AM6)*(1+AN6)*0.5*AE6*J6 -> 24313.646 | H6: =AA6*AC6*(1+AF6)*(1+AG6)*(1+AH6)*(1+AI6)*(1+AJ6)*(1+AK6)*(1-$D$2+AL6)*(1+AM6)*(1+AN6)*0.5*J6 -> 16209.097 | I6: =AA6*AC6*(1+AF6)*(1+AG6)*(1+AH6)*(1+AI6)*(1+AJ6)*(1+AK6)*(1-$D$2+AL6)*(1+AM6)*(1+AN6)*0.5*(AE6*AD6+(1-AD6))*J6 -> 17505.825 | J6: 1 | K6: 弭弗连携 | L6: 旧锋3层翻倍 | M6: 弭弗连携脆弱0潜 | N6: 幻想苦痛3层5潜 | O6: N/a | P6: N/a | Q6: N/a | R6: N/a | S6: N/a | T6: N/a | U6: N/a | V6: N/a | W6: N/a | X6: N/a | Y6: N/a | Z6: N/a | AA6: =VLOOKUP(K6,技能属性!$A:$AB,2,FALSE) -> 2.5 | AB6: {=$C$8+SUM(_xlfn.XLOOKUP(L6:Z6,增益属性!$A:$A,增益属性!$N:$N,0))} -> 0.08 | AC6: {=($C$7*(1+AB6)+$C$27)*(1+(INT((VLOOKUP(VLOOKUP($A$2,干员属性!$A:$AB,24,FALSE),$B$3:$C$6,2,FALSE)/(1+$C$24)*(1+$C$24+SUM(_xlfn.XLOOKUP(L6:Z6,增益属性!$A:$A,增益属性!$O:$O,0)))))*0.5+INT(VLOOKUP(VLOOKUP($A$2,干员属性!$A:$AB,25,FALSE),$B$3:$C$6,2,FALSE)*(1+SUM(_xlfn.XLOOKUP(L6:Z6,增益属性!$A:$A,增益属性!$O:$O,0))))*0.2+(INT(IFERROR(VLOOKUP(VLOOKUP($A$2,干员属性!$A:$AB,26,FALSE),$B$3:$C$6,2,FALSE),0)/(1+$C$25)*(1+$C$25+SUM(_xlfn.XLOOKUP(L6:Z6,增益属性!$A:$A,增益属性!$O:$O,0))))+INT(IFERROR(VLOOKUP(VLOOKUP($A$2,干员属性!$A:$AB,27,FALSE),$B$3:$C$6,2,FALSE),0)*(1+SUM(_xlfn.XLOOKUP(L6:Z6,增益属性!$A:$A,增益属性!$O:$O,0)))))*VLOOKUP($A$2,干员属性!$A:$AB,28,FALSE))/100)} -> 5196.6288 | AD6: {=$C$10+VLOOKUP(K6,技能属性!$A:$Z,3,FALSE)+SUM(_xlfn.XLOOKUP(L6:Z6,增益属性!$A:$A,增益属性!$B:$B))} -> 0.16 | AE6: {=$C$11+VLOOKUP(K6,技能属性!$A:$AB,4,FALSE)+SUM(_xlfn.XLOOKUP(L6:Z6,增益属性!$A:$A,增益属性!$C:$C))} -> 1.5 | AF6: {=VLOOKUP(VLOOKUP(K6,技能属性!$A:$Z,5,FALSE),$B$14:$C$18,2,FALSE)+SUM(_xlfn.XLOOKUP(L6:Z6,增益属性!$A:$A,增益属性!$D:$D))+SUM(_xlfn.XLOOKUP(L6:Z6,增益属性!$A:$A,增益属性!$E:$E))+IF(VLOOKUP(K6,技能属性!$A:$Z,6,FALSE)="无",0,VLOOKUP(VLOOKUP(K6,技能属性!$A:$Z,6,FALSE),$B$20:$C$23,2,FALSE))+IF(VLOOKUP(K6,技能属性!$A:$Z,7,FALSE)=0,0,$C$19)} -> 1.3765 | AG6: {=IF(VLOOKUP(K6,技能属性!$A:$Z,8,FALSE)=0,0,$C$12+SUM(_xlfn.XLOOKUP(L6:Z6,增益属性!$A:$A,增益属性!$F:$F)))} -> 0 | AH6: {=VLOOKUP(K6,技能属性!$A:$Z,9,FALSE)+SUM(_xlfn.XLOOKUP(L6:Z6,增益属性!$A:$A,增益属性!$G:$G))} -> 0 | AI6: {=VLOOKUP(K6,技能属性!$A:$Z,10,FALSE)+SUM(_xlfn.XLOOKUP(L6:Z6,增益属性!$A:$A,增益属性!$H:$H))} -> 0.05 | AJ6: {=VLOOKUP(K6,技能属性!$A:$Z,11,FALSE)+SUM(_xlfn.XLOOKUP(L6:Z6,增益属性!$A:$A,增益属性!$I:$I))} -> 0 | AK6: {=VLOOKUP(K6,技能属性!$A:$Z,12,FALSE)+SUM(_xlfn.XLOOKUP(L6:Z6,增益属性!$A:$A,增益属性!$J:$J))} -> 0 | AL6: {=VLOOKUP(K6,技能属性!$A:$Z,13,FALSE)+SUM(_xlfn.XLOOKUP(L6:Z6,增益属性!$A:$A,增益属性!$K:$K))} -> 0 | AM6: {=VLOOKUP(K6,技能属性!$A:$Z,14,FALSE)+SUM(_xlfn.XLOOKUP(L6:Z6,增益属性!$A:$A,增益属性!$L:$L))} -> 0 | AN6: {=VLOOKUP(K6,技能属性!$A:$Z,15,FALSE)+SUM(_xlfn.XLOOKUP(L6:Z6,增益属性!$A:$A,增益属性!$M:$M))} -> 0
A7: 护手 | B7: 基础攻击 | C7: =VLOOKUP($A$2,干员属性!$A:$AG,2,FALSE)+VLOOKUP($A$4,武器属性!$A:$AB,2,FALSE)+VLOOKUP($A$6,护甲属性!$A:$Z,2,FALSE)+VLOOKUP($A$8,护手属性!$A:$Z,2,FALSE)+VLOOKUP($A$10,配件属性!$A:$Z,2,FALSE)+VLOOKUP($A$12,配件属性!$A:$Z,2,FALSE)+VLOOKUP($A$14,套装属性!$A:$Z,2,FALSE) -> 805 | G7: =AA7*AC7*(1+AF7)*(1+AG7)*(1+AH7)*(1+AI7)*(1+AJ7)*(1+AK7)*(1-$D$2+AL7)*(1+AM7)*(1+AN7)*0.5*AE7*J7 -> 68078.208 | H7: =AA7*AC7*(1+AF7)*(1+AG7)*(1+AH7)*(1+AI7)*(1+AJ7)*(1+AK7)*(1-$D$2+AL7)*(1+AM7)*(1+AN7)*0.5*J7 -> 45385.472 | I7: =AA7*AC7*(1+AF7)*(1+AG7)*(1+AH7)*(1+AI7)*(1+AJ7)*(1+AK7)*(1-$D$2+AL7)*(1+AM7)*(1+AN7)*0.5*(AE7*AD7+(1-AD7))*J7 -> 49016.31 | J7: 1 | K7: 弭弗大招 | L7: 旧锋3层翻倍 | M7: 弭弗连携脆弱0潜 | N7: 幻想苦痛3层5潜 | O7: N/a | P7: N/a | Q7: N/a | R7: N/a | S7: N/a | T7: N/a | U7: N/a | V7: N/a | W7: N/a | X7: N/a | Y7: N/a | Z7: N/a | AA7: =VLOOKUP(K7,技能属性!$A:$AB,2,FALSE) -> 7 | AB7: {=$C$8+SUM(_xlfn.XLOOKUP(L7:Z7,增益属性!$A:$A,增益属性!$N:$N,0))} -> 0.08 | AC7: {=($C$7*(1+AB7)+$C$27)*(1+(INT((VLOOKUP(VLOOKUP($A$2,干员属性!$A:$AB,24,FALSE),$B$3:$C$6,2,FALSE)/(1+$C$24)*(1+$C$24+SUM(_xlfn.XLOOKUP(L7:Z7,增益属性!$A:$A,增益属性!$O:$O,0)))))*0.5+INT(VLOOKUP(VLOOKUP($A$2,干员属性!$A:$AB,25,FALSE),$B$3:$C$6,2,FALSE)*(1+SUM(_xlfn.XLOOKUP(L7:Z7,增益属性!$A:$A,增益属性!$O:$O,0))))*0.2+(INT(IFERROR(VLOOKUP(VLOOKUP($A$2,干员属性!$A:$AB,26,FALSE),$B$3:$C$6,2,FALSE),0)/(1+$C$25)*(1+$C$25+SUM(_xlfn.XLOOKUP(L7:Z7,增益属性!$A:$A,增益属性!$O:$O,0))))+INT(IFERROR(VLOOKUP(VLOOKUP($A$2,干员属性!$A:$AB,27,FALSE),$B$3:$C$6,2,FALSE),0)*(1+SUM(_xlfn.XLOOKUP(L7:Z7,增益属性!$A:$A,增益属性!$O:$O,0)))))*VLOOKUP($A$2,干员属性!$A:$AB,28,FALSE))/100)} -> 5196.6288 | AD7: {=$C$10+VLOOKUP(K7,技能属性!$A:$Z,3,FALSE)+SUM(_xlfn.XLOOKUP(L7:Z7,增益属性!$A:$A,增益属性!$B:$B))} -> 0.16 | AE7: {=$C$11+VLOOKUP(K7,技能属性!$A:$AB,4,FALSE)+SUM(_xlfn.XLOOKUP(L7:Z7,增益属性!$A:$A,增益属性!$C:$C))} -> 1.5 | AF7: {=VLOOKUP(VLOOKUP(K7,技能属性!$A:$Z,5,FALSE),$B$14:$C$18,2,FALSE)+SUM(_xlfn.XLOOKUP(L7:Z7,增益属性!$A:$A,增益属性!$D:$D))+SUM(_xlfn.XLOOKUP(L7:Z7,增益属性!$A:$A,增益属性!$E:$E))+IF(VLOOKUP(K7,技能属性!$A:$Z,6,FALSE)="无",0,VLOOKUP(VLOOKUP(K7,技能属性!$A:$Z,6,FALSE),$B$20:$C$23,2,FALSE))+IF(VLOOKUP(K7,技能属性!$A:$Z,7,FALSE)=0,0,$C$19)} -> 1.3765 | AG7: {=IF(VLOOKUP(K7,技能属性!$A:$Z,8,FALSE)=0,0,$C$12+SUM(_xlfn.XLOOKUP(L7:Z7,增益属性!$A:$A,增益属性!$F:$F)))} -> 0 | AH7: {=VLOOKUP(K7,技能属性!$A:$Z,9,FALSE)+SUM(_xlfn.XLOOKUP(L7:Z7,增益属性!$A:$A,增益属性!$G:$G))} -> 0 | AI7: {=VLOOKUP(K7,技能属性!$A:$Z,10,FALSE)+SUM(_xlfn.XLOOKUP(L7:Z7,增益属性!$A:$A,增益属性!$H:$H))} -> 0.05 | AJ7: {=VLOOKUP(K7,技能属性!$A:$Z,11,FALSE)+SUM(_xlfn.XLOOKUP(L7:Z7,增益属性!$A:$A,增益属性!$I:$I))} -> 0 | AK7: {=VLOOKUP(K7,技能属性!$A:$Z,12,FALSE)+SUM(_xlfn.XLOOKUP(L7:Z7,增益属性!$A:$A,增益属性!$J:$J))} -> 0 | AL7: {=VLOOKUP(K7,技能属性!$A:$Z,13,FALSE)+SUM(_xlfn.XLOOKUP(L7:Z7,增益属性!$A:$A,增益属性!$K:$K))} -> 0 | AM7: {=VLOOKUP(K7,技能属性!$A:$Z,14,FALSE)+SUM(_xlfn.XLOOKUP(L7:Z7,增益属性!$A:$A,增益属性!$L:$L))} -> 0 | AN7: {=VLOOKUP(K7,技能属性!$A:$Z,15,FALSE)+SUM(_xlfn.XLOOKUP(L7:Z7,增益属性!$A:$A,增益属性!$M:$M))} -> 0
A8: 旧锋手甲3锻 | B8: 攻击力加成 | C8: =VLOOKUP($A$2,干员属性!$A:$AG,21,FALSE)+VLOOKUP($A$4,武器属性!$A:$AB,23,FALSE)+VLOOKUP($A$6,护甲属性!$A:$Z,21,FALSE)+VLOOKUP($A$8,护手属性!$A:$Z,21,FALSE)+VLOOKUP($A$10,配件属性!$A:$Z,21,FALSE)+VLOOKUP($A$12,配件属性!$A:$Z,21,FALSE)+VLOOKUP($A$14,套装属性!$A:$Z,21,FALSE)+VLOOKUP($A$16,食物属性!$A:$Z,21,FALSE) -> 0.08 | G8: =AA8*AC8*(1+AF8)*(1+AG8)*(1+AH8)*(1+AI8)*(1+AJ8)*(1+AK8)*(1-$D$2+AL8)*(1+AM8)*(1+AN8)*0.5*AE8*J8 -> 14320.241 | H8: =AA8*AC8*(1+AF8)*(1+AG8)*(1+AH8)*(1+AI8)*(1+AJ8)*(1+AK8)*(1-$D$2+AL8)*(1+AM8)*(1+AN8)*0.5*J8 -> 9546.8275 | I8: =AA8*AC8*(1+AF8)*(1+AG8)*(1+AH8)*(1+AI8)*(1+AJ8)*(1+AK8)*(1-$D$2+AL8)*(1+AM8)*(1+AN8)*0.5*(AE8*AD8+(1-AD8))*J8 -> 10310.574 | J8: 1 | K8: 倒地/击飞 | L8: 旧锋3层翻倍 | M8: 弭弗连携脆弱0潜 | N8: 幻想苦痛3层5潜 | O8: N/a | P8: N/a | Q8: N/a | R8: N/a | S8: N/a | T8: N/a | U8: N/a | V8: N/a | W8: N/a | X8: N/a | Y8: N/a | Z8: N/a | AA8: =VLOOKUP(K8,技能属性!$A:$AB,2,FALSE) -> 1.2 | AB8: {=$C$8+SUM(_xlfn.XLOOKUP(L8:Z8,增益属性!$A:$A,增益属性!$N:$N,0))} -> 0.08 | AC8: {=($C$7*(1+AB8)+$C$27)*(1+(INT((VLOOKUP(VLOOKUP($A$2,干员属性!$A:$AB,24,FALSE),$B$3:$C$6,2,FALSE)/(1+$C$24)*(1+$C$24+SUM(_xlfn.XLOOKUP(L8:Z8,增益属性!$A:$A,增益属性!$O:$O,0)))))*0.5+INT(VLOOKUP(VLOOKUP($A$2,干员属性!$A:$AB,25,FALSE),$B$3:$C$6,2,FALSE)*(1+SUM(_xlfn.XLOOKUP(L8:Z8,增益属性!$A:$A,增益属性!$O:$O,0))))*0.2+(INT(IFERROR(VLOOKUP(VLOOKUP($A$2,干员属性!$A:$AB,26,FALSE),$B$3:$C$6,2,FALSE),0)/(1+$C$25)*(1+$C$25+SUM(_xlfn.XLOOKUP(L8:Z8,增益属性!$A:$A,增益属性!$O:$O,0))))+INT(IFERROR(VLOOKUP(VLOOKUP($A$2,干员属性!$A:$AB,27,FALSE),$B$3:$C$6,2,FALSE),0)*(1+SUM(_xlfn.XLOOKUP(L8:Z8,增益属性!$A:$A,增益属性!$O:$O,0)))))*VLOOKUP($A$2,干员属性!$A:$AB,28,FALSE))/100)} -> 5196.6288 | AD8: {=$C$10+VLOOKUP(K8,技能属性!$A:$Z,3,FALSE)+SUM(_xlfn.XLOOKUP(L8:Z8,增益属性!$A:$A,增益属性!$B:$B))} -> 0.16 | AE8: {=$C$11+VLOOKUP(K8,技能属性!$A:$AB,4,FALSE)+SUM(_xlfn.XLOOKUP(L8:Z8,增益属性!$A:$A,增益属性!$C:$C))} -> 1.5 | AF8: {=VLOOKUP(VLOOKUP(K8,技能属性!$A:$Z,5,FALSE),$B$14:$C$18,2,FALSE)+SUM(_xlfn.XLOOKUP(L8:Z8,增益属性!$A:$A,增益属性!$D:$D))+SUM(_xlfn.XLOOKUP(L8:Z8,增益属性!$A:$A,增益属性!$E:$E))+IF(VLOOKUP(K8,技能属性!$A:$Z,6,FALSE)="无",0,VLOOKUP(VLOOKUP(K8,技能属性!$A:$Z,6,FALSE),$B$20:$C$23,2,FALSE))+IF(VLOOKUP(K8,技能属性!$A:$Z,7,FALSE)=0,0,$C$19)} -> 1.3765 | AG8: {=IF(VLOOKUP(K8,技能属性!$A:$Z,8,FALSE)=0,0,$C$12+SUM(_xlfn.XLOOKUP(L8:Z8,增益属性!$A:$A,增益属性!$F:$F)))} -> 0 | AH8: {=VLOOKUP(K8,技能属性!$A:$Z,9,FALSE)+SUM(_xlfn.XLOOKUP(L8:Z8,增益属性!$A:$A,增益属性!$G:$G))} -> 0 | AI8: {=VLOOKUP(K8,技能属性!$A:$Z,10,FALSE)+SUM(_xlfn.XLOOKUP(L8:Z8,增益属性!$A:$A,增益属性!$H:$H))} -> 0.05 | AJ8: {=VLOOKUP(K8,技能属性!$A:$Z,11,FALSE)+SUM(_xlfn.XLOOKUP(L8:Z8,增益属性!$A:$A,增益属性!$I:$I))} -> 0 | AK8: {=VLOOKUP(K8,技能属性!$A:$Z,12,FALSE)+SUM(_xlfn.XLOOKUP(L8:Z8,增益属性!$A:$A,增益属性!$J:$J))} -> 0 | AL8: {=VLOOKUP(K8,技能属性!$A:$Z,13,FALSE)+SUM(_xlfn.XLOOKUP(L8:Z8,增益属性!$A:$A,增益属性!$K:$K))} -> 0 | AM8: {=VLOOKUP(K8,技能属性!$A:$Z,14,FALSE)+SUM(_xlfn.XLOOKUP(L8:Z8,增益属性!$A:$A,增益属性!$L:$L))} -> 0 | AN8: {=VLOOKUP(K8,技能属性!$A:$Z,15,FALSE)+SUM(_xlfn.XLOOKUP(L8:Z8,增益属性!$A:$A,增益属性!$M:$M))} -> 0.22704082
A9: 配件一 | B9: 能力值加成 | C9: =(INT(VLOOKUP(VLOOKUP($A$2,干员属性!$A:$AB,24,FALSE),$B$3:$C$6,2,FALSE))*0.5+INT(VLOOKUP(VLOOKUP($A$2,干员属性!$A:$AB,25,FALSE),$B$3:$C$6,2,FALSE))*0.2+(IFERROR(INT(VLOOKUP(VLOOKUP($A$2,干员属性!$A:$AB,26,FALSE),$B$3:$C$6,2,FALSE)),0)+IFERROR(INT(VLOOKUP(VLOOKUP($A$2,干员属性!$A:$AB,27,FALSE),$B$3:$C$6,2,FALSE)),0))*VLOOKUP($A$2,干员属性!$A:$AB,28,FALSE))/100 -> 3.952 | D9: DPS | E9: =E6/E4 -> 372956.78 | G9: =AA9*AC9*(1+AF9)*(1+AG9)*(1+AH9)*(1+AI9)*(1+AJ9)*(1+AK9)*(1-$D$2+AL9)*(1+AM9)*(1+AN9)*0.5*AE9*J9 -> 0 | H9: =AA9*AC9*(1+AF9)*(1+AG9)*(1+AH9)*(1+AI9)*(1+AJ9)*(1+AK9)*(1-$D$2+AL9)*(1+AM9)*(1+AN9)*0.5*J9 -> 0 | I9: =AA9*AC9*(1+AF9)*(1+AG9)*(1+AH9)*(1+AI9)*(1+AJ9)*(1+AK9)*(1-$D$2+AL9)*(1+AM9)*(1+AN9)*0.5*(AE9*AD9+(1-AD9))*J9 -> 0 | J9: 1 | K9: N/a | L9: N/a | M9: N/a | N9: N/a | O9: N/a | P9: N/a | Q9: N/a | R9: N/a | S9: N/a | T9: N/a | U9: N/a | V9: N/a | W9: N/a | X9: N/a | Y9: N/a | Z9: N/a | AA9: =VLOOKUP(K9,技能属性!$A:$AB,2,FALSE) -> 0 | AB9: {=$C$8+SUM(_xlfn.XLOOKUP(L9:Z9,增益属性!$A:$A,增益属性!$N:$N,0))} -> 0.08 | AC9: {=($C$7*(1+AB9)+$C$27)*(1+(INT((VLOOKUP(VLOOKUP($A$2,干员属性!$A:$AB,24,FALSE),$B$3:$C$6,2,FALSE)/(1+$C$24)*(1+$C$24+SUM(_xlfn.XLOOKUP(L9:Z9,增益属性!$A:$A,增益属性!$O:$O,0)))))*0.5+INT(VLOOKUP(VLOOKUP($A$2,干员属性!$A:$AB,25,FALSE),$B$3:$C$6,2,FALSE)*(1+SUM(_xlfn.XLOOKUP(L9:Z9,增益属性!$A:$A,增益属性!$O:$O,0))))*0.2+(INT(IFERROR(VLOOKUP(VLOOKUP($A$2,干员属性!$A:$AB,26,FALSE),$B$3:$C$6,2,FALSE),0)/(1+$C$25)*(1+$C$25+SUM(_xlfn.XLOOKUP(L9:Z9,增益属性!$A:$A,增益属性!$O:$O,0))))+INT(IFERROR(VLOOKUP(VLOOKUP($A$2,干员属性!$A:$AB,27,FALSE),$B$3:$C$6,2,FALSE),0)*(1+SUM(_xlfn.XLOOKUP(L9:Z9,增益属性!$A:$A,增益属性!$O:$O,0)))))*VLOOKUP($A$2,干员属性!$A:$AB,28,FALSE))/100)} -> 5196.6288 | AD9: {=$C$10+VLOOKUP(K9,技能属性!$A:$Z,3,FALSE)+SUM(_xlfn.XLOOKUP(L9:Z9,增益属性!$A:$A,增益属性!$B:$B))} -> 0.16 | AE9: {=$C$11+VLOOKUP(K9,技能属性!$A:$AB,4,FALSE)+SUM(_xlfn.XLOOKUP(L9:Z9,增益属性!$A:$A,增益属性!$C:$C))} -> 1.5 | AF9: {=VLOOKUP(VLOOKUP(K9,技能属性!$A:$Z,5,FALSE),$B$14:$C$18,2,FALSE)+SUM(_xlfn.XLOOKUP(L9:Z9,增益属性!$A:$A,增益属性!$D:$D))+SUM(_xlfn.XLOOKUP(L9:Z9,增益属性!$A:$A,增益属性!$E:$E))+IF(VLOOKUP(K9,技能属性!$A:$Z,6,FALSE)="无",0,VLOOKUP(VLOOKUP(K9,技能属性!$A:$Z,6,FALSE),$B$20:$C$23,2,FALSE))+IF(VLOOKUP(K9,技能属性!$A:$Z,7,FALSE)=0,0,$C$19)} -> 0.6445 | AG9: {=IF(VLOOKUP(K9,技能属性!$A:$Z,8,FALSE)=0,0,$C$12+SUM(_xlfn.XLOOKUP(L9:Z9,增益属性!$A:$A,增益属性!$F:$F)))} -> 0 | AH9: {=VLOOKUP(K9,技能属性!$A:$Z,9,FALSE)+SUM(_xlfn.XLOOKUP(L9:Z9,增益属性!$A:$A,增益属性!$G:$G))} -> 0 | AI9: {=VLOOKUP(K9,技能属性!$A:$Z,10,FALSE)+SUM(_xlfn.XLOOKUP(L9:Z9,增益属性!$A:$A,增益属性!$H:$H))} -> 0 | AJ9: {=VLOOKUP(K9,技能属性!$A:$Z,11,FALSE)+SUM(_xlfn.XLOOKUP(L9:Z9,增益属性!$A:$A,增益属性!$I:$I))} -> 0 | AK9: {=VLOOKUP(K9,技能属性!$A:$Z,12,FALSE)+SUM(_xlfn.XLOOKUP(L9:Z9,增益属性!$A:$A,增益属性!$J:$J))} -> 0 | AL9: {=VLOOKUP(K9,技能属性!$A:$Z,13,FALSE)+SUM(_xlfn.XLOOKUP(L9:Z9,增益属性!$A:$A,增益属性!$K:$K))} -> 0 | AM9: {=VLOOKUP(K9,技能属性!$A:$Z,14,FALSE)+SUM(_xlfn.XLOOKUP(L9:Z9,增益属性!$A:$A,增益属性!$L:$L))} -> 0 | AN9: {=VLOOKUP(K9,技能属性!$A:$Z,15,FALSE)+SUM(_xlfn.XLOOKUP(L9:Z9,增益属性!$A:$A,增益属性!$M:$M))} -> 0
A10: 旧锋刺刃3锻 | B10: 暴击 | C10: =VLOOKUP($A$2,干员属性!$A:$AG,7,FALSE)+VLOOKUP($A$4,武器属性!$A:$AB,9,FALSE)+VLOOKUP($A$6,护甲属性!$A:$Z,7,FALSE)+VLOOKUP($A$8,护手属性!$A:$Z,7,FALSE)+VLOOKUP($A$10,配件属性!$A:$Z,7,FALSE)+VLOOKUP($A$12,配件属性!$A:$Z,7,FALSE)+VLOOKUP($A$14,套装属性!$A:$Z,7,FALSE)+VLOOKUP($A$16,食物属性!$A:$Z,7,FALSE) -> 0.16 | G10: =AA10*AC10*(1+AF10)*(1+AG10)*(1+AH10)*(1+AI10)*(1+AJ10)*(1+AK10)*(1-$D$2+AL10)*(1+AM10)*(1+AN10)*0.5*AE10*J10 -> 0 | H10: =AA10*AC10*(1+AF10)*(1+AG10)*(1+AH10)*(1+AI10)*(1+AJ10)*(1+AK10)*(1-$D$2+AL10)*(1+AM10)*(1+AN10)*0.5*J10 -> 0 | I10: =AA10*AC10*(1+AF10)*(1+AG10)*(1+AH10)*(1+AI10)*(1+AJ10)*(1+AK10)*(1-$D$2+AL10)*(1+AM10)*(1+AN10)*0.5*(AE10*AD10+(1-AD10))*J10 -> 0 | J10: 1 | K10: N/a | L10: N/a | M10: N/a | N10: N/a | O10: N/a | P10: N/a | Q10: N/a | R10: N/a | S10: N/a | T10: N/a | U10: N/a | V10: N/a | W10: N/a | X10: N/a | Y10: N/a | Z10: N/a | AA10: =VLOOKUP(K10,技能属性!$A:$AB,2,FALSE) -> 0 | AB10: {=$C$8+SUM(_xlfn.XLOOKUP(L10:Z10,增益属性!$A:$A,增益属性!$N:$N,0))} -> 0.08 | AC10: {=($C$7*(1+AB10)+$C$27)*(1+(INT((VLOOKUP(VLOOKUP($A$2,干员属性!$A:$AB,24,FALSE),$B$3:$C$6,2,FALSE)/(1+$C$24)*(1+$C$24+SUM(_xlfn.XLOOKUP(L10:Z10,增益属性!$A:$A,增益属性!$O:$O,0)))))*0.5+INT(VLOOKUP(VLOOKUP($A$2,干员属性!$A:$AB,25,FALSE),$B$3:$C$6,2,FALSE)*(1+SUM(_xlfn.XLOOKUP(L10:Z10,增益属性!$A:$A,增益属性!$O:$O,0))))*0.2+(INT(IFERROR(VLOOKUP(VLOOKUP($A$2,干员属性!$A:$AB,26,FALSE),$B$3:$C$6,2,FALSE),0)/(1+$C$25)*(1+$C$25+SUM(_xlfn.XLOOKUP(L10:Z10,增益属性!$A:$A,增益属性!$O:$O,0))))+INT(IFERROR(VLOOKUP(VLOOKUP($A$2,干员属性!$A:$AB,27,FALSE),$B$3:$C$6,2,FALSE),0)*(1+SUM(_xlfn.XLOOKUP(L10:Z10,增益属性!$A:$A,增益属性!$O:$O,0)))))*VLOOKUP($A$2,干员属性!$A:$AB,28,FALSE))/100)} -> 5196.6288 | AD10: {=$C$10+VLOOKUP(K10,技能属性!$A:$Z,3,FALSE)+SUM(_xlfn.XLOOKUP(L10:Z10,增益属性!$A:$A,增益属性!$B:$B))} -> 0.16 | AE10: {=$C$11+VLOOKUP(K10,技能属性!$A:$AB,4,FALSE)+SUM(_xlfn.XLOOKUP(L10:Z10,增益属性!$A:$A,增益属性!$C:$C))} -> 1.5 | AF10: {=VLOOKUP(VLOOKUP(K10,技能属性!$A:$Z,5,FALSE),$B$14:$C$18,2,FALSE)+SUM(_xlfn.XLOOKUP(L10:Z10,增益属性!$A:$A,增益属性!$D:$D))+SUM(_xlfn.XLOOKUP(L10:Z10,增益属性!$A:$A,增益属性!$E:$E))+IF(VLOOKUP(K10,技能属性!$A:$Z,6,FALSE)="无",0,VLOOKUP(VLOOKUP(K10,技能属性!$A:$Z,6,FALSE),$B$20:$C$23,2,FALSE))+IF(VLOOKUP(K10,技能属性!$A:$Z,7,FALSE)=0,0,$C$19)} -> 0.6445 | AG10: {=IF(VLOOKUP(K10,技能属性!$A:$Z,8,FALSE)=0,0,$C$12+SUM(_xlfn.XLOOKUP(L10:Z10,增益属性!$A:$A,增益属性!$F:$F)))} -> 0 | AH10: {=VLOOKUP(K10,技能属性!$A:$Z,9,FALSE)+SUM(_xlfn.XLOOKUP(L10:Z10,增益属性!$A:$A,增益属性!$G:$G))} -> 0 | AI10: {=VLOOKUP(K10,技能属性!$A:$Z,10,FALSE)+SUM(_xlfn.XLOOKUP(L10:Z10,增益属性!$A:$A,增益属性!$H:$H))} -> 0 | AJ10: {=VLOOKUP(K10,技能属性!$A:$Z,11,FALSE)+SUM(_xlfn.XLOOKUP(L10:Z10,增益属性!$A:$A,增益属性!$I:$I))} -> 0 | AK10: {=VLOOKUP(K10,技能属性!$A:$Z,12,FALSE)+SUM(_xlfn.XLOOKUP(L10:Z10,增益属性!$A:$A,增益属性!$J:$J))} -> 0 | AL10: {=VLOOKUP(K10,技能属性!$A:$Z,13,FALSE)+SUM(_xlfn.XLOOKUP(L10:Z10,增益属性!$A:$A,增益属性!$K:$K))} -> 0 | AM10: {=VLOOKUP(K10,技能属性!$A:$Z,14,FALSE)+SUM(_xlfn.XLOOKUP(L10:Z10,增益属性!$A:$A,增益属性!$L:$L))} -> 0 | AN10: {=VLOOKUP(K10,技能属性!$A:$Z,15,FALSE)+SUM(_xlfn.XLOOKUP(L10:Z10,增益属性!$A:$A,增益属性!$M:$M))} -> 0
A11: 配件二 | B11: 暴击伤害 | C11: =VLOOKUP($A$2,干员属性!$A:$AG,8,FALSE)+VLOOKUP($A$4,武器属性!$A:$AB,10,FALSE)+VLOOKUP($A$6,护甲属性!$A:$Z,8,FALSE)+VLOOKUP($A$8,护手属性!$A:$Z,8,FALSE)+VLOOKUP($A$10,配件属性!$A:$Z,8,FALSE)+VLOOKUP($A$12,配件属性!$A:$Z,8,FALSE)+VLOOKUP($A$14,套装属性!$A:$Z,8,FALSE)+VLOOKUP($A$16,食物属性!$A:$Z,8,FALSE) -> 1.5 | G11: =AA11*AC11*(1+AF11)*(1+AG11)*(1+AH11)*(1+AI11)*(1+AJ11)*(1+AK11)*(1-$D$2+AL11)*(1+AM11)*(1+AN11)*0.5*AE11*J11 -> 0 | H11: =AA11*AC11*(1+AF11)*(1+AG11)*(1+AH11)*(1+AI11)*(1+AJ11)*(1+AK11)*(1-$D$2+AL11)*(1+AM11)*(1+AN11)*0.5*J11 -> 0 | I11: =AA11*AC11*(1+AF11)*(1+AG11)*(1+AH11)*(1+AI11)*(1+AJ11)*(1+AK11)*(1-$D$2+AL11)*(1+AM11)*(1+AN11)*0.5*(AE11*AD11+(1-AD11))*J11 -> 0 | J11: 1 | K11: N/a | L11: N/a | M11: N/a | N11: N/a | O11: N/a | P11: N/a | Q11: N/a | R11: N/a | S11: N/a | T11: N/a | U11: N/a | V11: N/a | W11: N/a | X11: N/a | Y11: N/a | Z11: N/a | AA11: =VLOOKUP(K11,技能属性!$A:$AB,2,FALSE) -> 0 | AB11: {=$C$8+SUM(_xlfn.XLOOKUP(L11:Z11,增益属性!$A:$A,增益属性!$N:$N,0))} -> 0.08 | AC11: {=($C$7*(1+AB11)+$C$27)*(1+(INT((VLOOKUP(VLOOKUP($A$2,干员属性!$A:$AB,24,FALSE),$B$3:$C$6,2,FALSE)/(1+$C$24)*(1+$C$24+SUM(_xlfn.XLOOKUP(L11:Z11,增益属性!$A:$A,增益属性!$O:$O,0)))))*0.5+INT(VLOOKUP(VLOOKUP($A$2,干员属性!$A:$AB,25,FALSE),$B$3:$C$6,2,FALSE)*(1+SUM(_xlfn.XLOOKUP(L11:Z11,增益属性!$A:$A,增益属性!$O:$O,0))))*0.2+(INT(IFERROR(VLOOKUP(VLOOKUP($A$2,干员属性!$A:$AB,26,FALSE),$B$3:$C$6,2,FALSE),0)/(1+$C$25)*(1+$C$25+SUM(_xlfn.XLOOKUP(L11:Z11,增益属性!$A:$A,增益属性!$O:$O,0))))+INT(IFERROR(VLOOKUP(VLOOKUP($A$2,干员属性!$A:$AB,27,FALSE),$B$3:$C$6,2,FALSE),0)*(1+SUM(_xlfn.XLOOKUP(L11:Z11,增益属性!$A:$A,增益属性!$O:$O,0)))))*VLOOKUP($A$2,干员属性!$A:$AB,28,FALSE))/100)} -> 5196.6288 | AD11: {=$C$10+VLOOKUP(K11,技能属性!$A:$Z,3,FALSE)+SUM(_xlfn.XLOOKUP(L11:Z11,增益属性!$A:$A,增益属性!$B:$B))} -> 0.16 | AE11: {=$C$11+VLOOKUP(K11,技能属性!$A:$AB,4,FALSE)+SUM(_xlfn.XLOOKUP(L11:Z11,增益属性!$A:$A,增益属性!$C:$C))} -> 1.5 | AF11: {=VLOOKUP(VLOOKUP(K11,技能属性!$A:$Z,5,FALSE),$B$14:$C$18,2,FALSE)+SUM(_xlfn.XLOOKUP(L11:Z11,增益属性!$A:$A,增益属性!$D:$D))+SUM(_xlfn.XLOOKUP(L11:Z11,增益属性!$A:$A,增益属性!$E:$E))+IF(VLOOKUP(K11,技能属性!$A:$Z,6,FALSE)="无",0,VLOOKUP(VLOOKUP(K11,技能属性!$A:$Z,6,FALSE),$B$20:$C$23,2,FALSE))+IF(VLOOKUP(K11,技能属性!$A:$Z,7,FALSE)=0,0,$C$19)} -> 0.6445 | AG11: {=IF(VLOOKUP(K11,技能属性!$A:$Z,8,FALSE)=0,0,$C$12+SUM(_xlfn.XLOOKUP(L11:Z11,增益属性!$A:$A,增益属性!$F:$F)))} -> 0 | AH11: {=VLOOKUP(K11,技能属性!$A:$Z,9,FALSE)+SUM(_xlfn.XLOOKUP(L11:Z11,增益属性!$A:$A,增益属性!$G:$G))} -> 0 | AI11: {=VLOOKUP(K11,技能属性!$A:$Z,10,FALSE)+SUM(_xlfn.XLOOKUP(L11:Z11,增益属性!$A:$A,增益属性!$H:$H))} -> 0 | AJ11: {=VLOOKUP(K11,技能属性!$A:$Z,11,FALSE)+SUM(_xlfn.XLOOKUP(L11:Z11,增益属性!$A:$A,增益属性!$I:$I))} -> 0 | AK11: {=VLOOKUP(K11,技能属性!$A:$Z,12,FALSE)+SUM(_xlfn.XLOOKUP(L11:Z11,增益属性!$A:$A,增益属性!$J:$J))} -> 0 | AL11: {=VLOOKUP(K11,技能属性!$A:$Z,13,FALSE)+SUM(_xlfn.XLOOKUP(L11:Z11,增益属性!$A:$A,增益属性!$K:$K))} -> 0 | AM11: {=VLOOKUP(K11,技能属性!$A:$Z,14,FALSE)+SUM(_xlfn.XLOOKUP(L11:Z11,增益属性!$A:$A,增益属性!$L:$L))} -> 0 | AN11: {=VLOOKUP(K11,技能属性!$A:$Z,15,FALSE)+SUM(_xlfn.XLOOKUP(L11:Z11,增益属性!$A:$A,增益属性!$M:$M))} -> 0
A12: 点剑定位信标3锻 | B12: 源石技艺 | C12: =VLOOKUP($A$2,干员属性!$A:$AG,9,FALSE)+VLOOKUP($A$4,武器属性!$A:$AB,11,FALSE)+VLOOKUP($A$6,护甲属性!$A:$Z,9,FALSE)+VLOOKUP($A$8,护手属性!$A:$Z,9,FALSE)+VLOOKUP($A$10,配件属性!$A:$Z,9,FALSE)+VLOOKUP($A$12,配件属性!$A:$Z,9,FALSE)+VLOOKUP($A$14,套装属性!$A:$Z,9,FALSE)+VLOOKUP($A$16,食物属性!$A:$Z,9,FALSE) -> 1.7667 | G12: =AA12*AC12*(1+AF12)*(1+AG12)*(1+AH12)*(1+AI12)*(1+AJ12)*(1+AK12)*(1-$D$2+AL12)*(1+AM12)*(1+AN12)*0.5*AE12*J12 -> 0 | H12: =AA12*AC12*(1+AF12)*(1+AG12)*(1+AH12)*(1+AI12)*(1+AJ12)*(1+AK12)*(1-$D$2+AL12)*(1+AM12)*(1+AN12)*0.5*J12 -> 0 | I12: =AA12*AC12*(1+AF12)*(1+AG12)*(1+AH12)*(1+AI12)*(1+AJ12)*(1+AK12)*(1-$D$2+AL12)*(1+AM12)*(1+AN12)*0.5*(AE12*AD12+(1-AD12))*J12 -> 0 | J12: 1 | K12: N/a | L12: N/a | M12: N/a | N12: N/a | O12: N/a | P12: N/a | Q12: N/a | R12: N/a | S12: N/a | T12: N/a | U12: N/a | V12: N/a | W12: N/a | X12: N/a | Y12: N/a | Z12: N/a | AA12: =VLOOKUP(K12,技能属性!$A:$AB,2,FALSE) -> 0 | AB12: {=$C$8+SUM(_xlfn.XLOOKUP(L12:Z12,增益属性!$A:$A,增益属性!$N:$N,0))} -> 0.08 | AC12: {=($C$7*(1+AB12)+$C$27)*(1+(INT((VLOOKUP(VLOOKUP($A$2,干员属性!$A:$AB,24,FALSE),$B$3:$C$6,2,FALSE)/(1+$C$24)*(1+$C$24+SUM(_xlfn.XLOOKUP(L12:Z12,增益属性!$A:$A,增益属性!$O:$O,0)))))*0.5+INT(VLOOKUP(VLOOKUP($A$2,干员属性!$A:$AB,25,FALSE),$B$3:$C$6,2,FALSE)*(1+SUM(_xlfn.XLOOKUP(L12:Z12,增益属性!$A:$A,增益属性!$O:$O,0))))*0.2+(INT(IFERROR(VLOOKUP(VLOOKUP($A$2,干员属性!$A:$AB,26,FALSE),$B$3:$C$6,2,FALSE),0)/(1+$C$25)*(1+$C$25+SUM(_xlfn.XLOOKUP(L12:Z12,增益属性!$A:$A,增益属性!$O:$O,0))))+INT(IFERROR(VLOOKUP(VLOOKUP($A$2,干员属性!$A:$AB,27,FALSE),$B$3:$C$6,2,FALSE),0)*(1+SUM(_xlfn.XLOOKUP(L12:Z12,增益属性!$A:$A,增益属性!$O:$O,0)))))*VLOOKUP($A$2,干员属性!$A:$AB,28,FALSE))/100)} -> 5196.6288 | AD12: {=$C$10+VLOOKUP(K12,技能属性!$A:$Z,3,FALSE)+SUM(_xlfn.XLOOKUP(L12:Z12,增益属性!$A:$A,增益属性!$B:$B))} -> 0.16 | AE12: {=$C$11+VLOOKUP(K12,技能属性!$A:$AB,4,FALSE)+SUM(_xlfn.XLOOKUP(L12:Z12,增益属性!$A:$A,增益属性!$C:$C))} -> 1.5 | AF12: {=VLOOKUP(VLOOKUP(K12,技能属性!$A:$Z,5,FALSE),$B$14:$C$18,2,FALSE)+SUM(_xlfn.XLOOKUP(L12:Z12,增益属性!$A:$A,增益属性!$D:$D))+SUM(_xlfn.XLOOKUP(L12:Z12,增益属性!$A:$A,增益属性!$E:$E))+IF(VLOOKUP(K12,技能属性!$A:$Z,6,FALSE)="无",0,VLOOKUP(VLOOKUP(K12,技能属性!$A:$Z,6,FALSE),$B$20:$C$23,2,FALSE))+IF(VLOOKUP(K12,技能属性!$A:$Z,7,FALSE)=0,0,$C$19)} -> 0.6445 | AG12: {=IF(VLOOKUP(K12,技能属性!$A:$Z,8,FALSE)=0,0,$C$12+SUM(_xlfn.XLOOKUP(L12:Z12,增益属性!$A:$A,增益属性!$F:$F)))} -> 0 | AH12: {=VLOOKUP(K12,技能属性!$A:$Z,9,FALSE)+SUM(_xlfn.XLOOKUP(L12:Z12,增益属性!$A:$A,增益属性!$G:$G))} -> 0 | AI12: {=VLOOKUP(K12,技能属性!$A:$Z,10,FALSE)+SUM(_xlfn.XLOOKUP(L12:Z12,增益属性!$A:$A,增益属性!$H:$H))} -> 0 | AJ12: {=VLOOKUP(K12,技能属性!$A:$Z,11,FALSE)+SUM(_xlfn.XLOOKUP(L12:Z12,增益属性!$A:$A,增益属性!$I:$I))} -> 0 | AK12: {=VLOOKUP(K12,技能属性!$A:$Z,12,FALSE)+SUM(_xlfn.XLOOKUP(L12:Z12,增益属性!$A:$A,增益属性!$J:$J))} -> 0 | AL12: {=VLOOKUP(K12,技能属性!$A:$Z,13,FALSE)+SUM(_xlfn.XLOOKUP(L12:Z12,增益属性!$A:$A,增益属性!$K:$K))} -> 0 | AM12: {=VLOOKUP(K12,技能属性!$A:$Z,14,FALSE)+SUM(_xlfn.XLOOKUP(L12:Z12,增益属性!$A:$A,增益属性!$L:$L))} -> 0 | AN12: {=VLOOKUP(K12,技能属性!$A:$Z,15,FALSE)+SUM(_xlfn.XLOOKUP(L12:Z12,增益属性!$A:$A,增益属性!$M:$M))} -> 0
A13: 套装 | B13: 终结技充能 | C13: =VLOOKUP($A$2,干员属性!$A:$AG,10,FALSE)+VLOOKUP($A$4,武器属性!$A:$AB,12,FALSE)+VLOOKUP($A$6,护甲属性!$A:$Z,10,FALSE)+VLOOKUP($A$8,护手属性!$A:$Z,10,FALSE)+VLOOKUP($A$10,配件属性!$A:$Z,10,FALSE)+VLOOKUP($A$12,配件属性!$A:$Z,10,FALSE)+VLOOKUP($A$14,套装属性!$A:$Z,10,FALSE)+VLOOKUP($A$16,食物属性!$A:$Z,10,FALSE) -> 0 | G13: =AA13*AC13*(1+AF13)*(1+AG13)*(1+AH13)*(1+AI13)*(1+AJ13)*(1+AK13)*(1-$D$2+AL13)*(1+AM13)*(1+AN13)*0.5*AE13*J13 -> 0 | H13: =AA13*AC13*(1+AF13)*(1+AG13)*(1+AH13)*(1+AI13)*(1+AJ13)*(1+AK13)*(1-$D$2+AL13)*(1+AM13)*(1+AN13)*0.5*J13 -> 0 | I13: =AA13*AC13*(1+AF13)*(1+AG13)*(1+AH13)*(1+AI13)*(1+AJ13)*(1+AK13)*(1-$D$2+AL13)*(1+AM13)*(1+AN13)*0.5*(AE13*AD13+(1-AD13))*J13 -> 0 | J13: 1 | K13: N/a | L13: N/a | M13: N/a | N13: N/a | O13: N/a | P13: N/a | Q13: N/a | R13: N/a | S13: N/a | T13: N/a | U13: N/a | V13: N/a | W13: N/a | X13: N/a | Y13: N/a | Z13: N/a | AA13: =VLOOKUP(K13,技能属性!$A:$AB,2,FALSE) -> 0 | AB13: {=$C$8+SUM(_xlfn.XLOOKUP(L13:Z13,增益属性!$A:$A,增益属性!$N:$N,0))} -> 0.08 | AC13: {=($C$7*(1+AB13)+$C$27)*(1+(INT((VLOOKUP(VLOOKUP($A$2,干员属性!$A:$AB,24,FALSE),$B$3:$C$6,2,FALSE)/(1+$C$24)*(1+$C$24+SUM(_xlfn.XLOOKUP(L13:Z13,增益属性!$A:$A,增益属性!$O:$O,0)))))*0.5+INT(VLOOKUP(VLOOKUP($A$2,干员属性!$A:$AB,25,FALSE),$B$3:$C$6,2,FALSE)*(1+SUM(_xlfn.XLOOKUP(L13:Z13,增益属性!$A:$A,增益属性!$O:$O,0))))*0.2+(INT(IFERROR(VLOOKUP(VLOOKUP($A$2,干员属性!$A:$AB,26,FALSE),$B$3:$C$6,2,FALSE),0)/(1+$C$25)*(1+$C$25+SUM(_xlfn.XLOOKUP(L13:Z13,增益属性!$A:$A,增益属性!$O:$O,0))))+INT(IFERROR(VLOOKUP(VLOOKUP($A$2,干员属性!$A:$AB,27,FALSE),$B$3:$C$6,2,FALSE),0)*(1+SUM(_xlfn.XLOOKUP(L13:Z13,增益属性!$A:$A,增益属性!$O:$O,0)))))*VLOOKUP($A$2,干员属性!$A:$AB,28,FALSE))/100)} -> 5196.6288 | AD13: {=$C$10+VLOOKUP(K13,技能属性!$A:$Z,3,FALSE)+SUM(_xlfn.XLOOKUP(L13:Z13,增益属性!$A:$A,增益属性!$B:$B))} -> 0.16 | AE13: {=$C$11+VLOOKUP(K13,技能属性!$A:$AB,4,FALSE)+SUM(_xlfn.XLOOKUP(L13:Z13,增益属性!$A:$A,增益属性!$C:$C))} -> 1.5 | AF13: {=VLOOKUP(VLOOKUP(K13,技能属性!$A:$Z,5,FALSE),$B$14:$C$18,2,FALSE)+SUM(_xlfn.XLOOKUP(L13:Z13,增益属性!$A:$A,增益属性!$D:$D))+SUM(_xlfn.XLOOKUP(L13:Z13,增益属性!$A:$A,增益属性!$E:$E))+IF(VLOOKUP(K13,技能属性!$A:$Z,6,FALSE)="无",0,VLOOKUP(VLOOKUP(K13,技能属性!$A:$Z,6,FALSE),$B$20:$C$23,2,FALSE))+IF(VLOOKUP(K13,技能属性!$A:$Z,7,FALSE)=0,0,$C$19)} -> 0.6445 | AG13: {=IF(VLOOKUP(K13,技能属性!$A:$Z,8,FALSE)=0,0,$C$12+SUM(_xlfn.XLOOKUP(L13:Z13,增益属性!$A:$A,增益属性!$F:$F)))} -> 0 | AH13: {=VLOOKUP(K13,技能属性!$A:$Z,9,FALSE)+SUM(_xlfn.XLOOKUP(L13:Z13,增益属性!$A:$A,增益属性!$G:$G))} -> 0 | AI13: {=VLOOKUP(K13,技能属性!$A:$Z,10,FALSE)+SUM(_xlfn.XLOOKUP(L13:Z13,增益属性!$A:$A,增益属性!$H:$H))} -> 0 | AJ13: {=VLOOKUP(K13,技能属性!$A:$Z,11,FALSE)+SUM(_xlfn.XLOOKUP(L13:Z13,增益属性!$A:$A,增益属性!$I:$I))} -> 0 | AK13: {=VLOOKUP(K13,技能属性!$A:$Z,12,FALSE)+SUM(_xlfn.XLOOKUP(L13:Z13,增益属性!$A:$A,增益属性!$J:$J))} -> 0 | AL13: {=VLOOKUP(K13,技能属性!$A:$Z,13,FALSE)+SUM(_xlfn.XLOOKUP(L13:Z13,增益属性!$A:$A,增益属性!$K:$K))} -> 0 | AM13: {=VLOOKUP(K13,技能属性!$A:$Z,14,FALSE)+SUM(_xlfn.XLOOKUP(L13:Z13,增益属性!$A:$A,增益属性!$L:$L))} -> 0 | AN13: {=VLOOKUP(K13,技能属性!$A:$Z,15,FALSE)+SUM(_xlfn.XLOOKUP(L13:Z13,增益属性!$A:$A,增益属性!$M:$M))} -> 0
A14: 旧锋 | B14: 物理加成 | C14: =VLOOKUP($A$2,干员属性!$A:$AG,11,FALSE)+VLOOKUP($A$4,武器属性!$A:$AB,13,FALSE)+VLOOKUP($A$6,护甲属性!$A:$Z,11,FALSE)+VLOOKUP($A$8,护手属性!$A:$Z,11,FALSE)+VLOOKUP($A$10,配件属性!$A:$Z,11,FALSE)+VLOOKUP($A$12,配件属性!$A:$Z,11,FALSE)+VLOOKUP($A$14,套装属性!$A:$Z,11,FALSE)+VLOOKUP($A$16,食物属性!$A:$Z,11,FALSE) -> 0.6445 | G14: =AA14*AC14*(1+AF14)*(1+AG14)*(1+AH14)*(1+AI14)*(1+AJ14)*(1+AK14)*(1-$D$2+AL14)*(1+AM14)*(1+AN14)*0.5*AE14*J14 -> 0 | H14: =AA14*AC14*(1+AF14)*(1+AG14)*(1+AH14)*(1+AI14)*(1+AJ14)*(1+AK14)*(1-$D$2+AL14)*(1+AM14)*(1+AN14)*0.5*J14 -> 0 | I14: =AA14*AC14*(1+AF14)*(1+AG14)*(1+AH14)*(1+AI14)*(1+AJ14)*(1+AK14)*(1-$D$2+AL14)*(1+AM14)*(1+AN14)*0.5*(AE14*AD14+(1-AD14))*J14 -> 0 | J14: 1 | K14: N/a | L14: N/a | M14: N/a | N14: N/a | O14: N/a | P14: N/a | Q14: N/a | R14: N/a | S14: N/a | T14: N/a | U14: N/a | V14: N/a | W14: N/a | X14: N/a | Y14: N/a | Z14: N/a | AA14: =VLOOKUP(K14,技能属性!$A:$AB,2,FALSE) -> 0 | AB14: {=$C$8+SUM(_xlfn.XLOOKUP(L14:Z14,增益属性!$A:$A,增益属性!$N:$N,0))} -> 0.08 | AC14: {=($C$7*(1+AB14)+$C$27)*(1+(INT((VLOOKUP(VLOOKUP($A$2,干员属性!$A:$AB,24,FALSE),$B$3:$C$6,2,FALSE)/(1+$C$24)*(1+$C$24+SUM(_xlfn.XLOOKUP(L14:Z14,增益属性!$A:$A,增益属性!$O:$O,0)))))*0.5+INT(VLOOKUP(VLOOKUP($A$2,干员属性!$A:$AB,25,FALSE),$B$3:$C$6,2,FALSE)*(1+SUM(_xlfn.XLOOKUP(L14:Z14,增益属性!$A:$A,增益属性!$O:$O,0))))*0.2+(INT(IFERROR(VLOOKUP(VLOOKUP($A$2,干员属性!$A:$AB,26,FALSE),$B$3:$C$6,2,FALSE),0)/(1+$C$25)*(1+$C$25+SUM(_xlfn.XLOOKUP(L14:Z14,增益属性!$A:$A,增益属性!$O:$O,0))))+INT(IFERROR(VLOOKUP(VLOOKUP($A$2,干员属性!$A:$AB,27,FALSE),$B$3:$C$6,2,FALSE),0)*(1+SUM(_xlfn.XLOOKUP(L14:Z14,增益属性!$A:$A,增益属性!$O:$O,0)))))*VLOOKUP($A$2,干员属性!$A:$AB,28,FALSE))/100)} -> 5196.6288 | AD14: {=$C$10+VLOOKUP(K14,技能属性!$A:$Z,3,FALSE)+SUM(_xlfn.XLOOKUP(L14:Z14,增益属性!$A:$A,增益属性!$B:$B))} -> 0.16 | AE14: {=$C$11+VLOOKUP(K14,技能属性!$A:$AB,4,FALSE)+SUM(_xlfn.XLOOKUP(L14:Z14,增益属性!$A:$A,增益属性!$C:$C))} -> 1.5 | AF14: {=VLOOKUP(VLOOKUP(K14,技能属性!$A:$Z,5,FALSE),$B$14:$C$18,2,FALSE)+SUM(_xlfn.XLOOKUP(L14:Z14,增益属性!$A:$A,增益属性!$D:$D))+SUM(_xlfn.XLOOKUP(L14:Z14,增益属性!$A:$A,增益属性!$E:$E))+IF(VLOOKUP(K14,技能属性!$A:$Z,6,FALSE)="无",0,VLOOKUP(VLOOKUP(K14,技能属性!$A:$Z,6,FALSE),$B$20:$C$23,2,FALSE))+IF(VLOOKUP(K14,技能属性!$A:$Z,7,FALSE)=0,0,$C$19)} -> 0.6445 | AG14: {=IF(VLOOKUP(K14,技能属性!$A:$Z,8,FALSE)=0,0,$C$12+SUM(_xlfn.XLOOKUP(L14:Z14,增益属性!$A:$A,增益属性!$F:$F)))} -> 0 | AH14: {=VLOOKUP(K14,技能属性!$A:$Z,9,FALSE)+SUM(_xlfn.XLOOKUP(L14:Z14,增益属性!$A:$A,增益属性!$G:$G))} -> 0 | AI14: {=VLOOKUP(K14,技能属性!$A:$Z,10,FALSE)+SUM(_xlfn.XLOOKUP(L14:Z14,增益属性!$A:$A,增益属性!$H:$H))} -> 0 | AJ14: {=VLOOKUP(K14,技能属性!$A:$Z,11,FALSE)+SUM(_xlfn.XLOOKUP(L14:Z14,增益属性!$A:$A,增益属性!$I:$I))} -> 0 | AK14: {=VLOOKUP(K14,技能属性!$A:$Z,12,FALSE)+SUM(_xlfn.XLOOKUP(L14:Z14,增益属性!$A:$A,增益属性!$J:$J))} -> 0 | AL14: {=VLOOKUP(K14,技能属性!$A:$Z,13,FALSE)+SUM(_xlfn.XLOOKUP(L14:Z14,增益属性!$A:$A,增益属性!$K:$K))} -> 0 | AM14: {=VLOOKUP(K14,技能属性!$A:$Z,14,FALSE)+SUM(_xlfn.XLOOKUP(L14:Z14,增益属性!$A:$A,增益属性!$L:$L))} -> 0 | AN14: {=VLOOKUP(K14,技能属性!$A:$Z,15,FALSE)+SUM(_xlfn.XLOOKUP(L14:Z14,增益属性!$A:$A,增益属性!$M:$M))} -> 0
A15: 食物 | B15: 灼热加成 | C15: =VLOOKUP($A$2,干员属性!$A:$AG,12,FALSE)+VLOOKUP($A$4,武器属性!$A:$AB,14,FALSE)+VLOOKUP($A$6,护甲属性!$A:$Z,12,FALSE)+VLOOKUP($A$8,护手属性!$A:$Z,12,FALSE)+VLOOKUP($A$10,配件属性!$A:$Z,12,FALSE)+VLOOKUP($A$12,配件属性!$A:$Z,12,FALSE)+VLOOKUP($A$14,套装属性!$A:$Z,12,FALSE)+VLOOKUP($A$16,食物属性!$A:$Z,12,FALSE) -> 0 | G15: =AA15*AC15*(1+AF15)*(1+AG15)*(1+AH15)*(1+AI15)*(1+AJ15)*(1+AK15)*(1-$D$2+AL15)*(1+AM15)*(1+AN15)*0.5*AE15*J15 -> 0 | H15: =AA15*AC15*(1+AF15)*(1+AG15)*(1+AH15)*(1+AI15)*(1+AJ15)*(1+AK15)*(1-$D$2+AL15)*(1+AM15)*(1+AN15)*0.5*J15 -> 0 | I15: =AA15*AC15*(1+AF15)*(1+AG15)*(1+AH15)*(1+AI15)*(1+AJ15)*(1+AK15)*(1-$D$2+AL15)*(1+AM15)*(1+AN15)*0.5*(AE15*AD15+(1-AD15))*J15 -> 0 | J15: 1 | K15: N/a | L15: N/a | M15: N/a | N15: N/a | O15: N/a | P15: N/a | Q15: N/a | R15: N/a | S15: N/a | T15: N/a | U15: N/a | V15: N/a | W15: N/a | X15: N/a | Y15: N/a | Z15: N/a | AA15: =VLOOKUP(K15,技能属性!$A:$AB,2,FALSE) -> 0 | AB15: {=$C$8+SUM(_xlfn.XLOOKUP(L15:Z15,增益属性!$A:$A,增益属性!$N:$N,0))} -> 0.08 | AC15: {=($C$7*(1+AB15)+$C$27)*(1+(INT((VLOOKUP(VLOOKUP($A$2,干员属性!$A:$AB,24,FALSE),$B$3:$C$6,2,FALSE)/(1+$C$24)*(1+$C$24+SUM(_xlfn.XLOOKUP(L15:Z15,增益属性!$A:$A,增益属性!$O:$O,0)))))*0.5+INT(VLOOKUP(VLOOKUP($A$2,干员属性!$A:$AB,25,FALSE),$B$3:$C$6,2,FALSE)*(1+SUM(_xlfn.XLOOKUP(L15:Z15,增益属性!$A:$A,增益属性!$O:$O,0))))*0.2+(INT(IFERROR(VLOOKUP(VLOOKUP($A$2,干员属性!$A:$AB,26,FALSE),$B$3:$C$6,2,FALSE),0)/(1+$C$25)*(1+$C$25+SUM(_xlfn.XLOOKUP(L15:Z15,增益属性!$A:$A,增益属性!$O:$O,0))))+INT(IFERROR(VLOOKUP(VLOOKUP($A$2,干员属性!$A:$AB,27,FALSE),$B$3:$C$6,2,FALSE),0)*(1+SUM(_xlfn.XLOOKUP(L15:Z15,增益属性!$A:$A,增益属性!$O:$O,0)))))*VLOOKUP($A$2,干员属性!$A:$AB,28,FALSE))/100)} -> 5196.6288 | AD15: {=$C$10+VLOOKUP(K15,技能属性!$A:$Z,3,FALSE)+SUM(_xlfn.XLOOKUP(L15:Z15,增益属性!$A:$A,增益属性!$B:$B))} -> 0.16 | AE15: {=$C$11+VLOOKUP(K15,技能属性!$A:$AB,4,FALSE)+SUM(_xlfn.XLOOKUP(L15:Z15,增益属性!$A:$A,增益属性!$C:$C))} -> 1.5 | AF15: {=VLOOKUP(VLOOKUP(K15,技能属性!$A:$Z,5,FALSE),$B$14:$C$18,2,FALSE)+SUM(_xlfn.XLOOKUP(L15:Z15,增益属性!$A:$A,增益属性!$D:$D))+SUM(_xlfn.XLOOKUP(L15:Z15,增益属性!$A:$A,增益属性!$E:$E))+IF(VLOOKUP(K15,技能属性!$A:$Z,6,FALSE)="无",0,VLOOKUP(VLOOKUP(K15,技能属性!$A:$Z,6,FALSE),$B$20:$C$23,2,FALSE))+IF(VLOOKUP(K15,技能属性!$A:$Z,7,FALSE)=0,0,$C$19)} -> 0.6445 | AG15: {=IF(VLOOKUP(K15,技能属性!$A:$Z,8,FALSE)=0,0,$C$12+SUM(_xlfn.XLOOKUP(L15:Z15,增益属性!$A:$A,增益属性!$F:$F)))} -> 0 | AH15: {=VLOOKUP(K15,技能属性!$A:$Z,9,FALSE)+SUM(_xlfn.XLOOKUP(L15:Z15,增益属性!$A:$A,增益属性!$G:$G))} -> 0 | AI15: {=VLOOKUP(K15,技能属性!$A:$Z,10,FALSE)+SUM(_xlfn.XLOOKUP(L15:Z15,增益属性!$A:$A,增益属性!$H:$H))} -> 0 | AJ15: {=VLOOKUP(K15,技能属性!$A:$Z,11,FALSE)+SUM(_xlfn.XLOOKUP(L15:Z15,增益属性!$A:$A,增益属性!$I:$I))} -> 0 | AK15: {=VLOOKUP(K15,技能属性!$A:$Z,12,FALSE)+SUM(_xlfn.XLOOKUP(L15:Z15,增益属性!$A:$A,增益属性!$J:$J))} -> 0 | AL15: {=VLOOKUP(K15,技能属性!$A:$Z,13,FALSE)+SUM(_xlfn.XLOOKUP(L15:Z15,增益属性!$A:$A,增益属性!$K:$K))} -> 0 | AM15: {=VLOOKUP(K15,技能属性!$A:$Z,14,FALSE)+SUM(_xlfn.XLOOKUP(L15:Z15,增益属性!$A:$A,增益属性!$L:$L))} -> 0 | AN15: {=VLOOKUP(K15,技能属性!$A:$Z,15,FALSE)+SUM(_xlfn.XLOOKUP(L15:Z15,增益属性!$A:$A,增益属性!$M:$M))} -> 0
A16: 清炖兽排参须汤 | B16: 电磁加成 | C16: =VLOOKUP($A$2,干员属性!$A:$AG,13,FALSE)+VLOOKUP($A$4,武器属性!$A:$AB,15,FALSE)+VLOOKUP($A$6,护甲属性!$A:$Z,13,FALSE)+VLOOKUP($A$8,护手属性!$A:$Z,13,FALSE)+VLOOKUP($A$10,配件属性!$A:$Z,13,FALSE)+VLOOKUP($A$12,配件属性!$A:$Z,13,FALSE)+VLOOKUP($A$14,套装属性!$A:$Z,13,FALSE)+VLOOKUP($A$16,食物属性!$A:$Z,13,FALSE) -> 0 | G16: =AA16*AC16*(1+AF16)*(1+AG16)*(1+AH16)*(1+AI16)*(1+AJ16)*(1+AK16)*(1-$D$2+AL16)*(1+AM16)*(1+AN16)*0.5*AE16*J16 -> 0 | H16: =AA16*AC16*(1+AF16)*(1+AG16)*(1+AH16)*(1+AI16)*(1+AJ16)*(1+AK16)*(1-$D$2+AL16)*(1+AM16)*(1+AN16)*0.5*J16 -> 0 | I16: =AA16*AC16*(1+AF16)*(1+AG16)*(1+AH16)*(1+AI16)*(1+AJ16)*(1+AK16)*(1-$D$2+AL16)*(1+AM16)*(1+AN16)*0.5*(AE16*AD16+(1-AD16))*J16 -> 0 | J16: 1 | K16: N/a | L16: N/a | M16: N/a | N16: N/a | O16: N/a | P16: N/a | Q16: N/a | R16: N/a | S16: N/a | T16: N/a | U16: N/a | V16: N/a | W16: N/a | X16: N/a | Y16: N/a | Z16: N/a | AA16: =VLOOKUP(K16,技能属性!$A:$AB,2,FALSE) -> 0 | AB16: {=$C$8+SUM(_xlfn.XLOOKUP(L16:Z16,增益属性!$A:$A,增益属性!$N:$N,0))} -> 0.08 | AC16: {=($C$7*(1+AB16)+$C$27)*(1+(INT((VLOOKUP(VLOOKUP($A$2,干员属性!$A:$AB,24,FALSE),$B$3:$C$6,2,FALSE)/(1+$C$24)*(1+$C$24+SUM(_xlfn.XLOOKUP(L16:Z16,增益属性!$A:$A,增益属性!$O:$O,0)))))*0.5+INT(VLOOKUP(VLOOKUP($A$2,干员属性!$A:$AB,25,FALSE),$B$3:$C$6,2,FALSE)*(1+SUM(_xlfn.XLOOKUP(L16:Z16,增益属性!$A:$A,增益属性!$O:$O,0))))*0.2+(INT(IFERROR(VLOOKUP(VLOOKUP($A$2,干员属性!$A:$AB,26,FALSE),$B$3:$C$6,2,FALSE),0)/(1+$C$25)*(1+$C$25+SUM(_xlfn.XLOOKUP(L16:Z16,增益属性!$A:$A,增益属性!$O:$O,0))))+INT(IFERROR(VLOOKUP(VLOOKUP($A$2,干员属性!$A:$AB,27,FALSE),$B$3:$C$6,2,FALSE),0)*(1+SUM(_xlfn.XLOOKUP(L16:Z16,增益属性!$A:$A,增益属性!$O:$O,0)))))*VLOOKUP($A$2,干员属性!$A:$AB,28,FALSE))/100)} -> 5196.6288 | AD16: {=$C$10+VLOOKUP(K16,技能属性!$A:$Z,3,FALSE)+SUM(_xlfn.XLOOKUP(L16:Z16,增益属性!$A:$A,增益属性!$B:$B))} -> 0.16 | AE16: {=$C$11+VLOOKUP(K16,技能属性!$A:$AB,4,FALSE)+SUM(_xlfn.XLOOKUP(L16:Z16,增益属性!$A:$A,增益属性!$C:$C))} -> 1.5 | AF16: {=VLOOKUP(VLOOKUP(K16,技能属性!$A:$Z,5,FALSE),$B$14:$C$18,2,FALSE)+SUM(_xlfn.XLOOKUP(L16:Z16,增益属性!$A:$A,增益属性!$D:$D))+SUM(_xlfn.XLOOKUP(L16:Z16,增益属性!$A:$A,增益属性!$E:$E))+IF(VLOOKUP(K16,技能属性!$A:$Z,6,FALSE)="无",0,VLOOKUP(VLOOKUP(K16,技能属性!$A:$Z,6,FALSE),$B$20:$C$23,2,FALSE))+IF(VLOOKUP(K16,技能属性!$A:$Z,7,FALSE)=0,0,$C$19)} -> 0.6445 | AG16: {=IF(VLOOKUP(K16,技能属性!$A:$Z,8,FALSE)=0,0,$C$12+SUM(_xlfn.XLOOKUP(L16:Z16,增益属性!$A:$A,增益属性!$F:$F)))} -> 0 | AH16: {=VLOOKUP(K16,技能属性!$A:$Z,9,FALSE)+SUM(_xlfn.XLOOKUP(L16:Z16,增益属性!$A:$A,增益属性!$G:$G))} -> 0 | AI16: {=VLOOKUP(K16,技能属性!$A:$Z,10,FALSE)+SUM(_xlfn.XLOOKUP(L16:Z16,增益属性!$A:$A,增益属性!$H:$H))} -> 0 | AJ16: {=VLOOKUP(K16,技能属性!$A:$Z,11,FALSE)+SUM(_xlfn.XLOOKUP(L16:Z16,增益属性!$A:$A,增益属性!$I:$I))} -> 0 | AK16: {=VLOOKUP(K16,技能属性!$A:$Z,12,FALSE)+SUM(_xlfn.XLOOKUP(L16:Z16,增益属性!$A:$A,增益属性!$J:$J))} -> 0 | AL16: {=VLOOKUP(K16,技能属性!$A:$Z,13,FALSE)+SUM(_xlfn.XLOOKUP(L16:Z16,增益属性!$A:$A,增益属性!$K:$K))} -> 0 | AM16: {=VLOOKUP(K16,技能属性!$A:$Z,14,FALSE)+SUM(_xlfn.XLOOKUP(L16:Z16,增益属性!$A:$A,增益属性!$L:$L))} -> 0 | AN16: {=VLOOKUP(K16,技能属性!$A:$Z,15,FALSE)+SUM(_xlfn.XLOOKUP(L16:Z16,增益属性!$A:$A,增益属性!$M:$M))} -> 0
B17: 寒冷加成 | C17: =VLOOKUP($A$2,干员属性!$A:$AG,14,FALSE)+VLOOKUP($A$4,武器属性!$A:$AB,16,FALSE)+VLOOKUP($A$6,护甲属性!$A:$Z,14,FALSE)+VLOOKUP($A$8,护手属性!$A:$Z,14,FALSE)+VLOOKUP($A$10,配件属性!$A:$Z,14,FALSE)+VLOOKUP($A$12,配件属性!$A:$Z,14,FALSE)+VLOOKUP($A$14,套装属性!$A:$Z,14,FALSE)+VLOOKUP($A$16,食物属性!$A:$Z,14,FALSE) -> 0 | G17: =AA17*AC17*(1+AF17)*(1+AG17)*(1+AH17)*(1+AI17)*(1+AJ17)*(1+AK17)*(1-$D$2+AL17)*(1+AM17)*(1+AN17)*0.5*AE17*J17 -> 0 | H17: =AA17*AC17*(1+AF17)*(1+AG17)*(1+AH17)*(1+AI17)*(1+AJ17)*(1+AK17)*(1-$D$2+AL17)*(1+AM17)*(1+AN17)*0.5*J17 -> 0 | I17: =AA17*AC17*(1+AF17)*(1+AG17)*(1+AH17)*(1+AI17)*(1+AJ17)*(1+AK17)*(1-$D$2+AL17)*(1+AM17)*(1+AN17)*0.5*(AE17*AD17+(1-AD17))*J17 -> 0 | J17: 1 | K17: N/a | L17: N/a | M17: N/a | N17: N/a | O17: N/a | P17: N/a | Q17: N/a | R17: N/a | S17: N/a | T17: N/a | U17: N/a | V17: N/a | W17: N/a | X17: N/a | Y17: N/a | Z17: N/a | AA17: =VLOOKUP(K17,技能属性!$A:$AB,2,FALSE) -> 0 | AB17: {=$C$8+SUM(_xlfn.XLOOKUP(L17:Z17,增益属性!$A:$A,增益属性!$N:$N,0))} -> 0.08 | AC17: {=($C$7*(1+AB17)+$C$27)*(1+(INT((VLOOKUP(VLOOKUP($A$2,干员属性!$A:$AB,24,FALSE),$B$3:$C$6,2,FALSE)/(1+$C$24)*(1+$C$24+SUM(_xlfn.XLOOKUP(L17:Z17,增益属性!$A:$A,增益属性!$O:$O,0)))))*0.5+INT(VLOOKUP(VLOOKUP($A$2,干员属性!$A:$AB,25,FALSE),$B$3:$C$6,2,FALSE)*(1+SUM(_xlfn.XLOOKUP(L17:Z17,增益属性!$A:$A,增益属性!$O:$O,0))))*0.2+(INT(IFERROR(VLOOKUP(VLOOKUP($A$2,干员属性!$A:$AB,26,FALSE),$B$3:$C$6,2,FALSE),0)/(1+$C$25)*(1+$C$25+SUM(_xlfn.XLOOKUP(L17:Z17,增益属性!$A:$A,增益属性!$O:$O,0))))+INT(IFERROR(VLOOKUP(VLOOKUP($A$2,干员属性!$A:$AB,27,FALSE),$B$3:$C$6,2,FALSE),0)*(1+SUM(_xlfn.XLOOKUP(L17:Z17,增益属性!$A:$A,增益属性!$O:$O,0)))))*VLOOKUP($A$2,干员属性!$A:$AB,28,FALSE))/100)} -> 5196.6288 | AD17: {=$C$10+VLOOKUP(K17,技能属性!$A:$Z,3,FALSE)+SUM(_xlfn.XLOOKUP(L17:Z17,增益属性!$A:$A,增益属性!$B:$B))} -> 0.16 | AE17: {=$C$11+VLOOKUP(K17,技能属性!$A:$AB,4,FALSE)+SUM(_xlfn.XLOOKUP(L17:Z17,增益属性!$A:$A,增益属性!$C:$C))} -> 1.5 | AF17: {=VLOOKUP(VLOOKUP(K17,技能属性!$A:$Z,5,FALSE),$B$14:$C$18,2,FALSE)+SUM(_xlfn.XLOOKUP(L17:Z17,增益属性!$A:$A,增益属性!$D:$D))+SUM(_xlfn.XLOOKUP(L17:Z17,增益属性!$A:$A,增益属性!$E:$E))+IF(VLOOKUP(K17,技能属性!$A:$Z,6,FALSE)="无",0,VLOOKUP(VLOOKUP(K17,技能属性!$A:$Z,6,FALSE),$B$20:$C$23,2,FALSE))+IF(VLOOKUP(K17,技能属性!$A:$Z,7,FALSE)=0,0,$C$19)} -> 0.6445 | AG17: {=IF(VLOOKUP(K17,技能属性!$A:$Z,8,FALSE)=0,0,$C$12+SUM(_xlfn.XLOOKUP(L17:Z17,增益属性!$A:$A,增益属性!$F:$F)))} -> 0 | AH17: {=VLOOKUP(K17,技能属性!$A:$Z,9,FALSE)+SUM(_xlfn.XLOOKUP(L17:Z17,增益属性!$A:$A,增益属性!$G:$G))} -> 0 | AI17: {=VLOOKUP(K17,技能属性!$A:$Z,10,FALSE)+SUM(_xlfn.XLOOKUP(L17:Z17,增益属性!$A:$A,增益属性!$H:$H))} -> 0 | AJ17: {=VLOOKUP(K17,技能属性!$A:$Z,11,FALSE)+SUM(_xlfn.XLOOKUP(L17:Z17,增益属性!$A:$A,增益属性!$I:$I))} -> 0 | AK17: {=VLOOKUP(K17,技能属性!$A:$Z,12,FALSE)+SUM(_xlfn.XLOOKUP(L17:Z17,增益属性!$A:$A,增益属性!$J:$J))} -> 0 | AL17: {=VLOOKUP(K17,技能属性!$A:$Z,13,FALSE)+SUM(_xlfn.XLOOKUP(L17:Z17,增益属性!$A:$A,增益属性!$K:$K))} -> 0 | AM17: {=VLOOKUP(K17,技能属性!$A:$Z,14,FALSE)+SUM(_xlfn.XLOOKUP(L17:Z17,增益属性!$A:$A,增益属性!$L:$L))} -> 0 | AN17: {=VLOOKUP(K17,技能属性!$A:$Z,15,FALSE)+SUM(_xlfn.XLOOKUP(L17:Z17,增益属性!$A:$A,增益属性!$M:$M))} -> 0
B18: 自然加成 | C18: =VLOOKUP($A$2,干员属性!$A:$AG,15,FALSE)+VLOOKUP($A$4,武器属性!$A:$AB,17,FALSE)+VLOOKUP($A$6,护甲属性!$A:$Z,15,FALSE)+VLOOKUP($A$8,护手属性!$A:$Z,15,FALSE)+VLOOKUP($A$10,配件属性!$A:$Z,15,FALSE)+VLOOKUP($A$12,配件属性!$A:$Z,15,FALSE)+VLOOKUP($A$14,套装属性!$A:$Z,15,FALSE)+VLOOKUP($A$16,食物属性!$A:$Z,15,FALSE) -> 0 | G18: =AA18*AC18*(1+AF18)*(1+AG18)*(1+AH18)*(1+AI18)*(1+AJ18)*(1+AK18)*(1-$D$2+AL18)*(1+AM18)*(1+AN18)*0.5*AE18*J18 -> 0 | H18: =AA18*AC18*(1+AF18)*(1+AG18)*(1+AH18)*(1+AI18)*(1+AJ18)*(1+AK18)*(1-$D$2+AL18)*(1+AM18)*(1+AN18)*0.5*J18 -> 0 | I18: =AA18*AC18*(1+AF18)*(1+AG18)*(1+AH18)*(1+AI18)*(1+AJ18)*(1+AK18)*(1-$D$2+AL18)*(1+AM18)*(1+AN18)*0.5*(AE18*AD18+(1-AD18))*J18 -> 0 | J18: 1 | K18: N/a | L18: N/a | M18: N/a | N18: N/a | O18: N/a | P18: N/a | Q18: N/a | R18: N/a | S18: N/a | T18: N/a | U18: N/a | V18: N/a | W18: N/a | X18: N/a | Y18: N/a | Z18: N/a | AA18: =VLOOKUP(K18,技能属性!$A:$AB,2,FALSE) -> 0 | AB18: {=$C$8+SUM(_xlfn.XLOOKUP(L18:Z18,增益属性!$A:$A,增益属性!$N:$N,0))} -> 0.08 | AC18: {=($C$7*(1+AB18)+$C$27)*(1+(INT((VLOOKUP(VLOOKUP($A$2,干员属性!$A:$AB,24,FALSE),$B$3:$C$6,2,FALSE)/(1+$C$24)*(1+$C$24+SUM(_xlfn.XLOOKUP(L18:Z18,增益属性!$A:$A,增益属性!$O:$O,0)))))*0.5+INT(VLOOKUP(VLOOKUP($A$2,干员属性!$A:$AB,25,FALSE),$B$3:$C$6,2,FALSE)*(1+SUM(_xlfn.XLOOKUP(L18:Z18,增益属性!$A:$A,增益属性!$O:$O,0))))*0.2+(INT(IFERROR(VLOOKUP(VLOOKUP($A$2,干员属性!$A:$AB,26,FALSE),$B$3:$C$6,2,FALSE),0)/(1+$C$25)*(1+$C$25+SUM(_xlfn.XLOOKUP(L18:Z18,增益属性!$A:$A,增益属性!$O:$O,0))))+INT(IFERROR(VLOOKUP(VLOOKUP($A$2,干员属性!$A:$AB,27,FALSE),$B$3:$C$6,2,FALSE),0)*(1+SUM(_xlfn.XLOOKUP(L18:Z18,增益属性!$A:$A,增益属性!$O:$O,0)))))*VLOOKUP($A$2,干员属性!$A:$AB,28,FALSE))/100)} -> 5196.6288 | AD18: {=$C$10+VLOOKUP(K18,技能属性!$A:$Z,3,FALSE)+SUM(_xlfn.XLOOKUP(L18:Z18,增益属性!$A:$A,增益属性!$B:$B))} -> 0.16 | AE18: {=$C$11+VLOOKUP(K18,技能属性!$A:$AB,4,FALSE)+SUM(_xlfn.XLOOKUP(L18:Z18,增益属性!$A:$A,增益属性!$C:$C))} -> 1.5 | AF18: {=VLOOKUP(VLOOKUP(K18,技能属性!$A:$Z,5,FALSE),$B$14:$C$18,2,FALSE)+SUM(_xlfn.XLOOKUP(L18:Z18,增益属性!$A:$A,增益属性!$D:$D))+SUM(_xlfn.XLOOKUP(L18:Z18,增益属性!$A:$A,增益属性!$E:$E))+IF(VLOOKUP(K18,技能属性!$A:$Z,6,FALSE)="无",0,VLOOKUP(VLOOKUP(K18,技能属性!$A:$Z,6,FALSE),$B$20:$C$23,2,FALSE))+IF(VLOOKUP(K18,技能属性!$A:$Z,7,FALSE)=0,0,$C$19)} -> 0.6445 | AG18: {=IF(VLOOKUP(K18,技能属性!$A:$Z,8,FALSE)=0,0,$C$12+SUM(_xlfn.XLOOKUP(L18:Z18,增益属性!$A:$A,增益属性!$F:$F)))} -> 0 | AH18: {=VLOOKUP(K18,技能属性!$A:$Z,9,FALSE)+SUM(_xlfn.XLOOKUP(L18:Z18,增益属性!$A:$A,增益属性!$G:$G))} -> 0 | AI18: {=VLOOKUP(K18,技能属性!$A:$Z,10,FALSE)+SUM(_xlfn.XLOOKUP(L18:Z18,增益属性!$A:$A,增益属性!$H:$H))} -> 0 | AJ18: {=VLOOKUP(K18,技能属性!$A:$Z,11,FALSE)+SUM(_xlfn.XLOOKUP(L18:Z18,增益属性!$A:$A,增益属性!$I:$I))} -> 0 | AK18: {=VLOOKUP(K18,技能属性!$A:$Z,12,FALSE)+SUM(_xlfn.XLOOKUP(L18:Z18,增益属性!$A:$A,增益属性!$J:$J))} -> 0 | AL18: {=VLOOKUP(K18,技能属性!$A:$Z,13,FALSE)+SUM(_xlfn.XLOOKUP(L18:Z18,增益属性!$A:$A,增益属性!$K:$K))} -> 0 | AM18: {=VLOOKUP(K18,技能属性!$A:$Z,14,FALSE)+SUM(_xlfn.XLOOKUP(L18:Z18,增益属性!$A:$A,增益属性!$L:$L))} -> 0 | AN18: {=VLOOKUP(K18,技能属性!$A:$Z,15,FALSE)+SUM(_xlfn.XLOOKUP(L18:Z18,增益属性!$A:$A,增益属性!$M:$M))} -> 0
B19: 失衡加成 | C19: =VLOOKUP($A$2,干员属性!$A:$AG,17,FALSE)+VLOOKUP($A$4,武器属性!$A:$AB,19,FALSE)+VLOOKUP($A$6,护甲属性!$A:$Z,17,FALSE)+VLOOKUP($A$8,护手属性!$A:$Z,17,FALSE)+VLOOKUP($A$10,配件属性!$A:$Z,17,FALSE)+VLOOKUP($A$12,配件属性!$A:$Z,17,FALSE)+VLOOKUP($A$14,套装属性!$A:$Z,17,FALSE)+VLOOKUP($A$16,食物属性!$A:$Z,17,FALSE) -> 0 | G19: =AA19*AC19*(1+AF19)*(1+AG19)*(1+AH19)*(1+AI19)*(1+AJ19)*(1+AK19)*(1-$D$2+AL19)*(1+AM19)*(1+AN19)*0.5*AE19*J19 -> 0 | H19: =AA19*AC19*(1+AF19)*(1+AG19)*(1+AH19)*(1+AI19)*(1+AJ19)*(1+AK19)*(1-$D$2+AL19)*(1+AM19)*(1+AN19)*0.5*J19 -> 0 | I19: =AA19*AC19*(1+AF19)*(1+AG19)*(1+AH19)*(1+AI19)*(1+AJ19)*(1+AK19)*(1-$D$2+AL19)*(1+AM19)*(1+AN19)*0.5*(AE19*AD19+(1-AD19))*J19 -> 0 | J19: 1 | K19: N/a | L19: N/a | M19: N/a | N19: N/a | O19: N/a | P19: N/a | Q19: N/a | R19: N/a | S19: N/a | T19: N/a | U19: N/a | V19: N/a | W19: N/a | X19: N/a | Y19: N/a | Z19: N/a | AA19: =VLOOKUP(K19,技能属性!$A:$AB,2,FALSE) -> 0 | AB19: {=$C$8+SUM(_xlfn.XLOOKUP(L19:Z19,增益属性!$A:$A,增益属性!$N:$N,0))} -> 0.08 | AC19: {=($C$7*(1+AB19)+$C$27)*(1+(INT((VLOOKUP(VLOOKUP($A$2,干员属性!$A:$AB,24,FALSE),$B$3:$C$6,2,FALSE)/(1+$C$24)*(1+$C$24+SUM(_xlfn.XLOOKUP(L19:Z19,增益属性!$A:$A,增益属性!$O:$O,0)))))*0.5+INT(VLOOKUP(VLOOKUP($A$2,干员属性!$A:$AB,25,FALSE),$B$3:$C$6,2,FALSE)*(1+SUM(_xlfn.XLOOKUP(L19:Z19,增益属性!$A:$A,增益属性!$O:$O,0))))*0.2+(INT(IFERROR(VLOOKUP(VLOOKUP($A$2,干员属性!$A:$AB,26,FALSE),$B$3:$C$6,2,FALSE),0)/(1+$C$25)*(1+$C$25+SUM(_xlfn.XLOOKUP(L19:Z19,增益属性!$A:$A,增益属性!$O:$O,0))))+INT(IFERROR(VLOOKUP(VLOOKUP($A$2,干员属性!$A:$AB,27,FALSE),$B$3:$C$6,2,FALSE),0)*(1+SUM(_xlfn.XLOOKUP(L19:Z19,增益属性!$A:$A,增益属性!$O:$O,0)))))*VLOOKUP($A$2,干员属性!$A:$AB,28,FALSE))/100)} -> 5196.6288 | AD19: {=$C$10+VLOOKUP(K19,技能属性!$A:$Z,3,FALSE)+SUM(_xlfn.XLOOKUP(L19:Z19,增益属性!$A:$A,增益属性!$B:$B))} -> 0.16 | AE19: {=$C$11+VLOOKUP(K19,技能属性!$A:$AB,4,FALSE)+SUM(_xlfn.XLOOKUP(L19:Z19,增益属性!$A:$A,增益属性!$C:$C))} -> 1.5 | AF19: {=VLOOKUP(VLOOKUP(K19,技能属性!$A:$Z,5,FALSE),$B$14:$C$18,2,FALSE)+SUM(_xlfn.XLOOKUP(L19:Z19,增益属性!$A:$A,增益属性!$D:$D))+SUM(_xlfn.XLOOKUP(L19:Z19,增益属性!$A:$A,增益属性!$E:$E))+IF(VLOOKUP(K19,技能属性!$A:$Z,6,FALSE)="无",0,VLOOKUP(VLOOKUP(K19,技能属性!$A:$Z,6,FALSE),$B$20:$C$23,2,FALSE))+IF(VLOOKUP(K19,技能属性!$A:$Z,7,FALSE)=0,0,$C$19)} -> 0.6445 | AG19: {=IF(VLOOKUP(K19,技能属性!$A:$Z,8,FALSE)=0,0,$C$12+SUM(_xlfn.XLOOKUP(L19:Z19,增益属性!$A:$A,增益属性!$F:$F)))} -> 0 | AH19: {=VLOOKUP(K19,技能属性!$A:$Z,9,FALSE)+SUM(_xlfn.XLOOKUP(L19:Z19,增益属性!$A:$A,增益属性!$G:$G))} -> 0 | AI19: {=VLOOKUP(K19,技能属性!$A:$Z,10,FALSE)+SUM(_xlfn.XLOOKUP(L19:Z19,增益属性!$A:$A,增益属性!$H:$H))} -> 0 | AJ19: {=VLOOKUP(K19,技能属性!$A:$Z,11,FALSE)+SUM(_xlfn.XLOOKUP(L19:Z19,增益属性!$A:$A,增益属性!$I:$I))} -> 0 | AK19: {=VLOOKUP(K19,技能属性!$A:$Z,12,FALSE)+SUM(_xlfn.XLOOKUP(L19:Z19,增益属性!$A:$A,增益属性!$J:$J))} -> 0 | AL19: {=VLOOKUP(K19,技能属性!$A:$Z,13,FALSE)+SUM(_xlfn.XLOOKUP(L19:Z19,增益属性!$A:$A,增益属性!$K:$K))} -> 0 | AM19: {=VLOOKUP(K19,技能属性!$A:$Z,14,FALSE)+SUM(_xlfn.XLOOKUP(L19:Z19,增益属性!$A:$A,增益属性!$L:$L))} -> 0 | AN19: {=VLOOKUP(K19,技能属性!$A:$Z,15,FALSE)+SUM(_xlfn.XLOOKUP(L19:Z19,增益属性!$A:$A,增益属性!$M:$M))} -> 0
B20: 普攻加成 | C20: =VLOOKUP($A$2,干员属性!$A:$AG,16,FALSE)+VLOOKUP($A$4,武器属性!$A:$AB,18,FALSE)+VLOOKUP($A$6,护甲属性!$A:$Z,16,FALSE)+VLOOKUP($A$8,护手属性!$A:$Z,16,FALSE)+VLOOKUP($A$10,配件属性!$A:$Z,16,FALSE)+VLOOKUP($A$12,配件属性!$A:$Z,16,FALSE)+VLOOKUP($A$14,套装属性!$A:$Z,16,FALSE)+VLOOKUP($A$16,食物属性!$A:$Z,16,FALSE) -> 0 | G20: =AA20*AC20*(1+AF20)*(1+AG20)*(1+AH20)*(1+AI20)*(1+AJ20)*(1+AK20)*(1-$D$2+AL20)*(1+AM20)*(1+AN20)*0.5*AE20*J20 -> 0 | H20: =AA20*AC20*(1+AF20)*(1+AG20)*(1+AH20)*(1+AI20)*(1+AJ20)*(1+AK20)*(1-$D$2+AL20)*(1+AM20)*(1+AN20)*0.5*J20 -> 0 | I20: =AA20*AC20*(1+AF20)*(1+AG20)*(1+AH20)*(1+AI20)*(1+AJ20)*(1+AK20)*(1-$D$2+AL20)*(1+AM20)*(1+AN20)*0.5*(AE20*AD20+(1-AD20))*J20 -> 0 | J20: 1 | K20: N/a | L20: N/a | M20: N/a | N20: N/a | O20: N/a | P20: N/a | Q20: N/a | R20: N/a | S20: N/a | T20: N/a | U20: N/a | V20: N/a | W20: N/a | X20: N/a | Y20: N/a | Z20: N/a | AA20: =VLOOKUP(K20,技能属性!$A:$AB,2,FALSE) -> 0 | AB20: {=$C$8+SUM(_xlfn.XLOOKUP(L20:Z20,增益属性!$A:$A,增益属性!$N:$N,0))} -> 0.08 | AC20: {=($C$7*(1+AB20)+$C$27)*(1+(INT((VLOOKUP(VLOOKUP($A$2,干员属性!$A:$AB,24,FALSE),$B$3:$C$6,2,FALSE)/(1+$C$24)*(1+$C$24+SUM(_xlfn.XLOOKUP(L20:Z20,增益属性!$A:$A,增益属性!$O:$O,0)))))*0.5+INT(VLOOKUP(VLOOKUP($A$2,干员属性!$A:$AB,25,FALSE),$B$3:$C$6,2,FALSE)*(1+SUM(_xlfn.XLOOKUP(L20:Z20,增益属性!$A:$A,增益属性!$O:$O,0))))*0.2+(INT(IFERROR(VLOOKUP(VLOOKUP($A$2,干员属性!$A:$AB,26,FALSE),$B$3:$C$6,2,FALSE),0)/(1+$C$25)*(1+$C$25+SUM(_xlfn.XLOOKUP(L20:Z20,增益属性!$A:$A,增益属性!$O:$O,0))))+INT(IFERROR(VLOOKUP(VLOOKUP($A$2,干员属性!$A:$AB,27,FALSE),$B$3:$C$6,2,FALSE),0)*(1+SUM(_xlfn.XLOOKUP(L20:Z20,增益属性!$A:$A,增益属性!$O:$O,0)))))*VLOOKUP($A$2,干员属性!$A:$AB,28,FALSE))/100)} -> 5196.6288 | AD20: {=$C$10+VLOOKUP(K20,技能属性!$A:$Z,3,FALSE)+SUM(_xlfn.XLOOKUP(L20:Z20,增益属性!$A:$A,增益属性!$B:$B))} -> 0.16 | AE20: {=$C$11+VLOOKUP(K20,技能属性!$A:$AB,4,FALSE)+SUM(_xlfn.XLOOKUP(L20:Z20,增益属性!$A:$A,增益属性!$C:$C))} -> 1.5 | AF20: {=VLOOKUP(VLOOKUP(K20,技能属性!$A:$Z,5,FALSE),$B$14:$C$18,2,FALSE)+SUM(_xlfn.XLOOKUP(L20:Z20,增益属性!$A:$A,增益属性!$D:$D))+SUM(_xlfn.XLOOKUP(L20:Z20,增益属性!$A:$A,增益属性!$E:$E))+IF(VLOOKUP(K20,技能属性!$A:$Z,6,FALSE)="无",0,VLOOKUP(VLOOKUP(K20,技能属性!$A:$Z,6,FALSE),$B$20:$C$23,2,FALSE))+IF(VLOOKUP(K20,技能属性!$A:$Z,7,FALSE)=0,0,$C$19)} -> 0.6445 | AG20: {=IF(VLOOKUP(K20,技能属性!$A:$Z,8,FALSE)=0,0,$C$12+SUM(_xlfn.XLOOKUP(L20:Z20,增益属性!$A:$A,增益属性!$F:$F)))} -> 0 | AH20: {=VLOOKUP(K20,技能属性!$A:$Z,9,FALSE)+SUM(_xlfn.XLOOKUP(L20:Z20,增益属性!$A:$A,增益属性!$G:$G))} -> 0 | AI20: {=VLOOKUP(K20,技能属性!$A:$Z,10,FALSE)+SUM(_xlfn.XLOOKUP(L20:Z20,增益属性!$A:$A,增益属性!$H:$H))} -> 0 | AJ20: {=VLOOKUP(K20,技能属性!$A:$Z,11,FALSE)+SUM(_xlfn.XLOOKUP(L20:Z20,增益属性!$A:$A,增益属性!$I:$I))} -> 0 | AK20: {=VLOOKUP(K20,技能属性!$A:$Z,12,FALSE)+SUM(_xlfn.XLOOKUP(L20:Z20,增益属性!$A:$A,增益属性!$J:$J))} -> 0 | AL20: {=VLOOKUP(K20,技能属性!$A:$Z,13,FALSE)+SUM(_xlfn.XLOOKUP(L20:Z20,增益属性!$A:$A,增益属性!$K:$K))} -> 0 | AM20: {=VLOOKUP(K20,技能属性!$A:$Z,14,FALSE)+SUM(_xlfn.XLOOKUP(L20:Z20,增益属性!$A:$A,增益属性!$L:$L))} -> 0 | AN20: {=VLOOKUP(K20,技能属性!$A:$Z,15,FALSE)+SUM(_xlfn.XLOOKUP(L20:Z20,增益属性!$A:$A,增益属性!$M:$M))} -> 0
B21: 战技加成 | C21: =VLOOKUP($A$2,干员属性!$A:$AG,18,FALSE)+VLOOKUP($A$4,武器属性!$A:$AB,20,FALSE)+VLOOKUP($A$6,护甲属性!$A:$Z,18,FALSE)+VLOOKUP($A$8,护手属性!$A:$Z,18,FALSE)+VLOOKUP($A$10,配件属性!$A:$Z,18,FALSE)+VLOOKUP($A$12,配件属性!$A:$Z,18,FALSE)+VLOOKUP($A$14,套装属性!$A:$Z,18,FALSE)+VLOOKUP($A$16,食物属性!$A:$Z,18,FALSE) -> 0 | G21: =AA21*AC21*(1+AF21)*(1+AG21)*(1+AH21)*(1+AI21)*(1+AJ21)*(1+AK21)*(1-$D$2+AL21)*(1+AM21)*(1+AN21)*0.5*AE21*J21 -> 0 | H21: =AA21*AC21*(1+AF21)*(1+AG21)*(1+AH21)*(1+AI21)*(1+AJ21)*(1+AK21)*(1-$D$2+AL21)*(1+AM21)*(1+AN21)*0.5*J21 -> 0 | I21: =AA21*AC21*(1+AF21)*(1+AG21)*(1+AH21)*(1+AI21)*(1+AJ21)*(1+AK21)*(1-$D$2+AL21)*(1+AM21)*(1+AN21)*0.5*(AE21*AD21+(1-AD21))*J21 -> 0 | J21: 1 | K21: N/a | L21: N/a | M21: N/a | N21: N/a | O21: N/a | P21: N/a | Q21: N/a | R21: N/a | S21: N/a | T21: N/a | U21: N/a | V21: N/a | W21: N/a | X21: N/a | Y21: N/a | Z21: N/a | AA21: =VLOOKUP(K21,技能属性!$A:$AB,2,FALSE) -> 0 | AB21: {=$C$8+SUM(_xlfn.XLOOKUP(L21:Z21,增益属性!$A:$A,增益属性!$N:$N,0))} -> 0.08 | AC21: {=($C$7*(1+AB21)+$C$27)*(1+(INT((VLOOKUP(VLOOKUP($A$2,干员属性!$A:$AB,24,FALSE),$B$3:$C$6,2,FALSE)/(1+$C$24)*(1+$C$24+SUM(_xlfn.XLOOKUP(L21:Z21,增益属性!$A:$A,增益属性!$O:$O,0)))))*0.5+INT(VLOOKUP(VLOOKUP($A$2,干员属性!$A:$AB,25,FALSE),$B$3:$C$6,2,FALSE)*(1+SUM(_xlfn.XLOOKUP(L21:Z21,增益属性!$A:$A,增益属性!$O:$O,0))))*0.2+(INT(IFERROR(VLOOKUP(VLOOKUP($A$2,干员属性!$A:$AB,26,FALSE),$B$3:$C$6,2,FALSE),0)/(1+$C$25)*(1+$C$25+SUM(_xlfn.XLOOKUP(L21:Z21,增益属性!$A:$A,增益属性!$O:$O,0))))+INT(IFERROR(VLOOKUP(VLOOKUP($A$2,干员属性!$A:$AB,27,FALSE),$B$3:$C$6,2,FALSE),0)*(1+SUM(_xlfn.XLOOKUP(L21:Z21,增益属性!$A:$A,增益属性!$O:$O,0)))))*VLOOKUP($A$2,干员属性!$A:$AB,28,FALSE))/100)} -> 5196.6288 | AD21: {=$C$10+VLOOKUP(K21,技能属性!$A:$Z,3,FALSE)+SUM(_xlfn.XLOOKUP(L21:Z21,增益属性!$A:$A,增益属性!$B:$B))} -> 0.16 | AE21: {=$C$11+VLOOKUP(K21,技能属性!$A:$AB,4,FALSE)+SUM(_xlfn.XLOOKUP(L21:Z21,增益属性!$A:$A,增益属性!$C:$C))} -> 1.5 | AF21: {=VLOOKUP(VLOOKUP(K21,技能属性!$A:$Z,5,FALSE),$B$14:$C$18,2,FALSE)+SUM(_xlfn.XLOOKUP(L21:Z21,增益属性!$A:$A,增益属性!$D:$D))+SUM(_xlfn.XLOOKUP(L21:Z21,增益属性!$A:$A,增益属性!$E:$E))+IF(VLOOKUP(K21,技能属性!$A:$Z,6,FALSE)="无",0,VLOOKUP(VLOOKUP(K21,技能属性!$A:$Z,6,FALSE),$B$20:$C$23,2,FALSE))+IF(VLOOKUP(K21,技能属性!$A:$Z,7,FALSE)=0,0,$C$19)} -> 0.6445 | AG21: {=IF(VLOOKUP(K21,技能属性!$A:$Z,8,FALSE)=0,0,$C$12+SUM(_xlfn.XLOOKUP(L21:Z21,增益属性!$A:$A,增益属性!$F:$F)))} -> 0 | AH21: {=VLOOKUP(K21,技能属性!$A:$Z,9,FALSE)+SUM(_xlfn.XLOOKUP(L21:Z21,增益属性!$A:$A,增益属性!$G:$G))} -> 0 | AI21: {=VLOOKUP(K21,技能属性!$A:$Z,10,FALSE)+SUM(_xlfn.XLOOKUP(L21:Z21,增益属性!$A:$A,增益属性!$H:$H))} -> 0 | AJ21: {=VLOOKUP(K21,技能属性!$A:$Z,11,FALSE)+SUM(_xlfn.XLOOKUP(L21:Z21,增益属性!$A:$A,增益属性!$I:$I))} -> 0 | AK21: {=VLOOKUP(K21,技能属性!$A:$Z,12,FALSE)+SUM(_xlfn.XLOOKUP(L21:Z21,增益属性!$A:$A,增益属性!$J:$J))} -> 0 | AL21: {=VLOOKUP(K21,技能属性!$A:$Z,13,FALSE)+SUM(_xlfn.XLOOKUP(L21:Z21,增益属性!$A:$A,增益属性!$K:$K))} -> 0 | AM21: {=VLOOKUP(K21,技能属性!$A:$Z,14,FALSE)+SUM(_xlfn.XLOOKUP(L21:Z21,增益属性!$A:$A,增益属性!$L:$L))} -> 0 | AN21: {=VLOOKUP(K21,技能属性!$A:$Z,15,FALSE)+SUM(_xlfn.XLOOKUP(L21:Z21,增益属性!$A:$A,增益属性!$M:$M))} -> 0
B22: 连携技加成 | C22: =VLOOKUP($A$2,干员属性!$A:$AG,19,FALSE)+VLOOKUP($A$4,武器属性!$A:$AB,21,FALSE)+VLOOKUP($A$6,护甲属性!$A:$Z,19,FALSE)+VLOOKUP($A$8,护手属性!$A:$Z,19,FALSE)+VLOOKUP($A$10,配件属性!$A:$Z,19,FALSE)+VLOOKUP($A$12,配件属性!$A:$Z,19,FALSE)+VLOOKUP($A$14,套装属性!$A:$Z,19,FALSE)+VLOOKUP($A$16,食物属性!$A:$Z,19,FALSE) -> 0 | G22: =AA22*AC22*(1+AF22)*(1+AG22)*(1+AH22)*(1+AI22)*(1+AJ22)*(1+AK22)*(1-$D$2+AL22)*(1+AM22)*(1+AN22)*0.5*AE22*J22 -> 0 | H22: =AA22*AC22*(1+AF22)*(1+AG22)*(1+AH22)*(1+AI22)*(1+AJ22)*(1+AK22)*(1-$D$2+AL22)*(1+AM22)*(1+AN22)*0.5*J22 -> 0 | I22: =AA22*AC22*(1+AF22)*(1+AG22)*(1+AH22)*(1+AI22)*(1+AJ22)*(1+AK22)*(1-$D$2+AL22)*(1+AM22)*(1+AN22)*0.5*(AE22*AD22+(1-AD22))*J22 -> 0 | J22: 1 | K22: N/a | L22: N/a | M22: N/a | N22: N/a | O22: N/a | P22: N/a | Q22: N/a | R22: N/a | S22: N/a | T22: N/a | U22: N/a | V22: N/a | W22: N/a | X22: N/a | Y22: N/a | Z22: N/a | AA22: =VLOOKUP(K22,技能属性!$A:$AB,2,FALSE) -> 0 | AB22: {=$C$8+SUM(_xlfn.XLOOKUP(L22:Z22,增益属性!$A:$A,增益属性!$N:$N,0))} -> 0.08 | AC22: {=($C$7*(1+AB22)+$C$27)*(1+(INT((VLOOKUP(VLOOKUP($A$2,干员属性!$A:$AB,24,FALSE),$B$3:$C$6,2,FALSE)/(1+$C$24)*(1+$C$24+SUM(_xlfn.XLOOKUP(L22:Z22,增益属性!$A:$A,增益属性!$O:$O,0)))))*0.5+INT(VLOOKUP(VLOOKUP($A$2,干员属性!$A:$AB,25,FALSE),$B$3:$C$6,2,FALSE)*(1+SUM(_xlfn.XLOOKUP(L22:Z22,增益属性!$A:$A,增益属性!$O:$O,0))))*0.2+(INT(IFERROR(VLOOKUP(VLOOKUP($A$2,干员属性!$A:$AB,26,FALSE),$B$3:$C$6,2,FALSE),0)/(1+$C$25)*(1+$C$25+SUM(_xlfn.XLOOKUP(L22:Z22,增益属性!$A:$A,增益属性!$O:$O,0))))+INT(IFERROR(VLOOKUP(VLOOKUP($A$2,干员属性!$A:$AB,27,FALSE),$B$3:$C$6,2,FALSE),0)*(1+SUM(_xlfn.XLOOKUP(L22:Z22,增益属性!$A:$A,增益属性!$O:$O,0)))))*VLOOKUP($A$2,干员属性!$A:$AB,28,FALSE))/100)} -> 5196.6288 | AD22: {=$C$10+VLOOKUP(K22,技能属性!$A:$Z,3,FALSE)+SUM(_xlfn.XLOOKUP(L22:Z22,增益属性!$A:$A,增益属性!$B:$B))} -> 0.16 | AE22: {=$C$11+VLOOKUP(K22,技能属性!$A:$AB,4,FALSE)+SUM(_xlfn.XLOOKUP(L22:Z22,增益属性!$A:$A,增益属性!$C:$C))} -> 1.5 | AF22: {=VLOOKUP(VLOOKUP(K22,技能属性!$A:$Z,5,FALSE),$B$14:$C$18,2,FALSE)+SUM(_xlfn.XLOOKUP(L22:Z22,增益属性!$A:$A,增益属性!$D:$D))+SUM(_xlfn.XLOOKUP(L22:Z22,增益属性!$A:$A,增益属性!$E:$E))+IF(VLOOKUP(K22,技能属性!$A:$Z,6,FALSE)="无",0,VLOOKUP(VLOOKUP(K22,技能属性!$A:$Z,6,FALSE),$B$20:$C$23,2,FALSE))+IF(VLOOKUP(K22,技能属性!$A:$Z,7,FALSE)=0,0,$C$19)} -> 0.6445 | AG22: {=IF(VLOOKUP(K22,技能属性!$A:$Z,8,FALSE)=0,0,$C$12+SUM(_xlfn.XLOOKUP(L22:Z22,增益属性!$A:$A,增益属性!$F:$F)))} -> 0 | AH22: {=VLOOKUP(K22,技能属性!$A:$Z,9,FALSE)+SUM(_xlfn.XLOOKUP(L22:Z22,增益属性!$A:$A,增益属性!$G:$G))} -> 0 | AI22: {=VLOOKUP(K22,技能属性!$A:$Z,10,FALSE)+SUM(_xlfn.XLOOKUP(L22:Z22,增益属性!$A:$A,增益属性!$H:$H))} -> 0 | AJ22: {=VLOOKUP(K22,技能属性!$A:$Z,11,FALSE)+SUM(_xlfn.XLOOKUP(L22:Z22,增益属性!$A:$A,增益属性!$I:$I))} -> 0 | AK22: {=VLOOKUP(K22,技能属性!$A:$Z,12,FALSE)+SUM(_xlfn.XLOOKUP(L22:Z22,增益属性!$A:$A,增益属性!$J:$J))} -> 0 | AL22: {=VLOOKUP(K22,技能属性!$A:$Z,13,FALSE)+SUM(_xlfn.XLOOKUP(L22:Z22,增益属性!$A:$A,增益属性!$K:$K))} -> 0 | AM22: {=VLOOKUP(K22,技能属性!$A:$Z,14,FALSE)+SUM(_xlfn.XLOOKUP(L22:Z22,增益属性!$A:$A,增益属性!$L:$L))} -> 0 | AN22: {=VLOOKUP(K22,技能属性!$A:$Z,15,FALSE)+SUM(_xlfn.XLOOKUP(L22:Z22,增益属性!$A:$A,增益属性!$M:$M))} -> 0
B23: 终结技加成 | C23: =VLOOKUP($A$2,干员属性!$A:$AG,20,FALSE)+VLOOKUP($A$4,武器属性!$A:$AB,22,FALSE)+VLOOKUP($A$6,护甲属性!$A:$Z,20,FALSE)+VLOOKUP($A$8,护手属性!$A:$Z,20,FALSE)+VLOOKUP($A$10,配件属性!$A:$Z,20,FALSE)+VLOOKUP($A$12,配件属性!$A:$Z,20,FALSE)+VLOOKUP($A$14,套装属性!$A:$Z,20,FALSE)+VLOOKUP($A$16,食物属性!$A:$Z,20,FALSE) -> 0 | G23: =AA23*AC23*(1+AF23)*(1+AG23)*(1+AH23)*(1+AI23)*(1+AJ23)*(1+AK23)*(1-$D$2+AL23)*(1+AM23)*(1+AN23)*0.5*AE23*J23 -> 0 | H23: =AA23*AC23*(1+AF23)*(1+AG23)*(1+AH23)*(1+AI23)*(1+AJ23)*(1+AK23)*(1-$D$2+AL23)*(1+AM23)*(1+AN23)*0.5*J23 -> 0 | I23: =AA23*AC23*(1+AF23)*(1+AG23)*(1+AH23)*(1+AI23)*(1+AJ23)*(1+AK23)*(1-$D$2+AL23)*(1+AM23)*(1+AN23)*0.5*(AE23*AD23+(1-AD23))*J23 -> 0 | J23: 1 | K23: N/a | L23: N/a | M23: N/a | N23: N/a | O23: N/a | P23: N/a | Q23: N/a | R23: N/a | S23: N/a | T23: N/a | U23: N/a | V23: N/a | W23: N/a | X23: N/a | Y23: N/a | Z23: N/a | AA23: =VLOOKUP(K23,技能属性!$A:$AB,2,FALSE) -> 0 | AB23: {=$C$8+SUM(_xlfn.XLOOKUP(L23:Z23,增益属性!$A:$A,增益属性!$N:$N,0))} -> 0.08 | AC23: {=($C$7*(1+AB23)+$C$27)*(1+(INT((VLOOKUP(VLOOKUP($A$2,干员属性!$A:$AB,24,FALSE),$B$3:$C$6,2,FALSE)/(1+$C$24)*(1+$C$24+SUM(_xlfn.XLOOKUP(L23:Z23,增益属性!$A:$A,增益属性!$O:$O,0)))))*0.5+INT(VLOOKUP(VLOOKUP($A$2,干员属性!$A:$AB,25,FALSE),$B$3:$C$6,2,FALSE)*(1+SUM(_xlfn.XLOOKUP(L23:Z23,增益属性!$A:$A,增益属性!$O:$O,0))))*0.2+(INT(IFERROR(VLOOKUP(VLOOKUP($A$2,干员属性!$A:$AB,26,FALSE),$B$3:$C$6,2,FALSE),0)/(1+$C$25)*(1+$C$25+SUM(_xlfn.XLOOKUP(L23:Z23,增益属性!$A:$A,增益属性!$O:$O,0))))+INT(IFERROR(VLOOKUP(VLOOKUP($A$2,干员属性!$A:$AB,27,FALSE),$B$3:$C$6,2,FALSE),0)*(1+SUM(_xlfn.XLOOKUP(L23:Z23,增益属性!$A:$A,增益属性!$O:$O,0)))))*VLOOKUP($A$2,干员属性!$A:$AB,28,FALSE))/100)} -> 5196.6288 | AD23: {=$C$10+VLOOKUP(K23,技能属性!$A:$Z,3,FALSE)+SUM(_xlfn.XLOOKUP(L23:Z23,增益属性!$A:$A,增益属性!$B:$B))} -> 0.16 | AE23: {=$C$11+VLOOKUP(K23,技能属性!$A:$AB,4,FALSE)+SUM(_xlfn.XLOOKUP(L23:Z23,增益属性!$A:$A,增益属性!$C:$C))} -> 1.5 | AF23: {=VLOOKUP(VLOOKUP(K23,技能属性!$A:$Z,5,FALSE),$B$14:$C$18,2,FALSE)+SUM(_xlfn.XLOOKUP(L23:Z23,增益属性!$A:$A,增益属性!$D:$D))+SUM(_xlfn.XLOOKUP(L23:Z23,增益属性!$A:$A,增益属性!$E:$E))+IF(VLOOKUP(K23,技能属性!$A:$Z,6,FALSE)="无",0,VLOOKUP(VLOOKUP(K23,技能属性!$A:$Z,6,FALSE),$B$20:$C$23,2,FALSE))+IF(VLOOKUP(K23,技能属性!$A:$Z,7,FALSE)=0,0,$C$19)} -> 0.6445 | AG23: {=IF(VLOOKUP(K23,技能属性!$A:$Z,8,FALSE)=0,0,$C$12+SUM(_xlfn.XLOOKUP(L23:Z23,增益属性!$A:$A,增益属性!$F:$F)))} -> 0 | AH23: {=VLOOKUP(K23,技能属性!$A:$Z,9,FALSE)+SUM(_xlfn.XLOOKUP(L23:Z23,增益属性!$A:$A,增益属性!$G:$G))} -> 0 | AI23: {=VLOOKUP(K23,技能属性!$A:$Z,10,FALSE)+SUM(_xlfn.XLOOKUP(L23:Z23,增益属性!$A:$A,增益属性!$H:$H))} -> 0 | AJ23: {=VLOOKUP(K23,技能属性!$A:$Z,11,FALSE)+SUM(_xlfn.XLOOKUP(L23:Z23,增益属性!$A:$A,增益属性!$I:$I))} -> 0 | AK23: {=VLOOKUP(K23,技能属性!$A:$Z,12,FALSE)+SUM(_xlfn.XLOOKUP(L23:Z23,增益属性!$A:$A,增益属性!$J:$J))} -> 0 | AL23: {=VLOOKUP(K23,技能属性!$A:$Z,13,FALSE)+SUM(_xlfn.XLOOKUP(L23:Z23,增益属性!$A:$A,增益属性!$K:$K))} -> 0 | AM23: {=VLOOKUP(K23,技能属性!$A:$Z,14,FALSE)+SUM(_xlfn.XLOOKUP(L23:Z23,增益属性!$A:$A,增益属性!$L:$L))} -> 0 | AN23: {=VLOOKUP(K23,技能属性!$A:$Z,15,FALSE)+SUM(_xlfn.XLOOKUP(L23:Z23,增益属性!$A:$A,增益属性!$M:$M))} -> 0
B24: 主属性加成 | C24: =VLOOKUP($A$2,干员属性!$A:$AG,22,FALSE)+VLOOKUP($A$4,武器属性!$A:$AB,24,FALSE)+VLOOKUP($A$6,护甲属性!$A:$Z,22,FALSE)+VLOOKUP($A$8,护手属性!$A:$Z,22,FALSE)+VLOOKUP($A$10,配件属性!$A:$Z,22,FALSE)+VLOOKUP($A$12,配件属性!$A:$Z,22,FALSE)+VLOOKUP($A$14,套装属性!$A:$Z,22,FALSE)+VLOOKUP($A$16,食物属性!$A:$Z,22,FALSE) -> 0 | G24: =AA24*AC24*(1+AF24)*(1+AG24)*(1+AH24)*(1+AI24)*(1+AJ24)*(1+AK24)*(1-$D$2+AL24)*(1+AM24)*(1+AN24)*0.5*AE24*J24 -> 0 | H24: =AA24*AC24*(1+AF24)*(1+AG24)*(1+AH24)*(1+AI24)*(1+AJ24)*(1+AK24)*(1-$D$2+AL24)*(1+AM24)*(1+AN24)*0.5*J24 -> 0 | I24: =AA24*AC24*(1+AF24)*(1+AG24)*(1+AH24)*(1+AI24)*(1+AJ24)*(1+AK24)*(1-$D$2+AL24)*(1+AM24)*(1+AN24)*0.5*(AE24*AD24+(1-AD24))*J24 -> 0 | J24: 1 | K24: N/a | L24: N/a | M24: N/a | N24: N/a | O24: N/a | P24: N/a | Q24: N/a | R24: N/a | S24: N/a | T24: N/a | U24: N/a | V24: N/a | W24: N/a | X24: N/a | Y24: N/a | Z24: N/a | AA24: =VLOOKUP(K24,技能属性!$A:$AB,2,FALSE) -> 0 | AB24: {=$C$8+SUM(_xlfn.XLOOKUP(L24:Z24,增益属性!$A:$A,增益属性!$N:$N,0))} -> 0.08 | AC24: {=($C$7*(1+AB24)+$C$27)*(1+(INT((VLOOKUP(VLOOKUP($A$2,干员属性!$A:$AB,24,FALSE),$B$3:$C$6,2,FALSE)/(1+$C$24)*(1+$C$24+SUM(_xlfn.XLOOKUP(L24:Z24,增益属性!$A:$A,增益属性!$O:$O,0)))))*0.5+INT(VLOOKUP(VLOOKUP($A$2,干员属性!$A:$AB,25,FALSE),$B$3:$C$6,2,FALSE)*(1+SUM(_xlfn.XLOOKUP(L24:Z24,增益属性!$A:$A,增益属性!$O:$O,0))))*0.2+(INT(IFERROR(VLOOKUP(VLOOKUP($A$2,干员属性!$A:$AB,26,FALSE),$B$3:$C$6,2,FALSE),0)/(1+$C$25)*(1+$C$25+SUM(_xlfn.XLOOKUP(L24:Z24,增益属性!$A:$A,增益属性!$O:$O,0))))+INT(IFERROR(VLOOKUP(VLOOKUP($A$2,干员属性!$A:$AB,27,FALSE),$B$3:$C$6,2,FALSE),0)*(1+SUM(_xlfn.XLOOKUP(L24:Z24,增益属性!$A:$A,增益属性!$O:$O,0)))))*VLOOKUP($A$2,干员属性!$A:$AB,28,FALSE))/100)} -> 5196.6288 | AD24: {=$C$10+VLOOKUP(K24,技能属性!$A:$Z,3,FALSE)+SUM(_xlfn.XLOOKUP(L24:Z24,增益属性!$A:$A,增益属性!$B:$B))} -> 0.16 | AE24: {=$C$11+VLOOKUP(K24,技能属性!$A:$AB,4,FALSE)+SUM(_xlfn.XLOOKUP(L24:Z24,增益属性!$A:$A,增益属性!$C:$C))} -> 1.5 | AF24: {=VLOOKUP(VLOOKUP(K24,技能属性!$A:$Z,5,FALSE),$B$14:$C$18,2,FALSE)+SUM(_xlfn.XLOOKUP(L24:Z24,增益属性!$A:$A,增益属性!$D:$D))+SUM(_xlfn.XLOOKUP(L24:Z24,增益属性!$A:$A,增益属性!$E:$E))+IF(VLOOKUP(K24,技能属性!$A:$Z,6,FALSE)="无",0,VLOOKUP(VLOOKUP(K24,技能属性!$A:$Z,6,FALSE),$B$20:$C$23,2,FALSE))+IF(VLOOKUP(K24,技能属性!$A:$Z,7,FALSE)=0,0,$C$19)} -> 0.6445 | AG24: {=IF(VLOOKUP(K24,技能属性!$A:$Z,8,FALSE)=0,0,$C$12+SUM(_xlfn.XLOOKUP(L24:Z24,增益属性!$A:$A,增益属性!$F:$F)))} -> 0 | AH24: {=VLOOKUP(K24,技能属性!$A:$Z,9,FALSE)+SUM(_xlfn.XLOOKUP(L24:Z24,增益属性!$A:$A,增益属性!$G:$G))} -> 0 | AI24: {=VLOOKUP(K24,技能属性!$A:$Z,10,FALSE)+SUM(_xlfn.XLOOKUP(L24:Z24,增益属性!$A:$A,增益属性!$H:$H))} -> 0 | AJ24: {=VLOOKUP(K24,技能属性!$A:$Z,11,FALSE)+SUM(_xlfn.XLOOKUP(L24:Z24,增益属性!$A:$A,增益属性!$I:$I))} -> 0 | AK24: {=VLOOKUP(K24,技能属性!$A:$Z,12,FALSE)+SUM(_xlfn.XLOOKUP(L24:Z24,增益属性!$A:$A,增益属性!$J:$J))} -> 0 | AL24: {=VLOOKUP(K24,技能属性!$A:$Z,13,FALSE)+SUM(_xlfn.XLOOKUP(L24:Z24,增益属性!$A:$A,增益属性!$K:$K))} -> 0 | AM24: {=VLOOKUP(K24,技能属性!$A:$Z,14,FALSE)+SUM(_xlfn.XLOOKUP(L24:Z24,增益属性!$A:$A,增益属性!$L:$L))} -> 0 | AN24: {=VLOOKUP(K24,技能属性!$A:$Z,15,FALSE)+SUM(_xlfn.XLOOKUP(L24:Z24,增益属性!$A:$A,增益属性!$M:$M))} -> 0
B25: 副属性加成 | C25: =VLOOKUP($A$2,干员属性!$A:$AG,23,FALSE)+VLOOKUP($A$4,武器属性!$A:$AB,25,FALSE)+VLOOKUP($A$6,护甲属性!$A:$Z,23,FALSE)+VLOOKUP($A$8,护手属性!$A:$Z,23,FALSE)+VLOOKUP($A$10,配件属性!$A:$Z,23,FALSE)+VLOOKUP($A$12,配件属性!$A:$Z,23,FALSE)+VLOOKUP($A$14,套装属性!$A:$Z,23,FALSE)+VLOOKUP($A$16,食物属性!$A:$Z,23,FALSE) -> 0 | G25: =AA25*AC25*(1+AF25)*(1+AG25)*(1+AH25)*(1+AI25)*(1+AJ25)*(1+AK25)*(1-$D$2+AL25)*(1+AM25)*(1+AN25)*0.5*AE25*J25 -> 0 | H25: =AA25*AC25*(1+AF25)*(1+AG25)*(1+AH25)*(1+AI25)*(1+AJ25)*(1+AK25)*(1-$D$2+AL25)*(1+AM25)*(1+AN25)*0.5*J25 -> 0 | I25: =AA25*AC25*(1+AF25)*(1+AG25)*(1+AH25)*(1+AI25)*(1+AJ25)*(1+AK25)*(1-$D$2+AL25)*(1+AM25)*(1+AN25)*0.5*(AE25*AD25+(1-AD25))*J25 -> 0 | J25: 1 | K25: N/a | L25: N/a | M25: N/a | N25: N/a | O25: N/a | P25: N/a | Q25: N/a | R25: N/a | S25: N/a | T25: N/a | U25: N/a | V25: N/a | W25: N/a | X25: N/a | Y25: N/a | Z25: N/a | AA25: =VLOOKUP(K25,技能属性!$A:$AB,2,FALSE) -> 0 | AB25: {=$C$8+SUM(_xlfn.XLOOKUP(L25:Z25,增益属性!$A:$A,增益属性!$N:$N,0))} -> 0.08 | AC25: {=($C$7*(1+AB25)+$C$27)*(1+(INT((VLOOKUP(VLOOKUP($A$2,干员属性!$A:$AB,24,FALSE),$B$3:$C$6,2,FALSE)/(1+$C$24)*(1+$C$24+SUM(_xlfn.XLOOKUP(L25:Z25,增益属性!$A:$A,增益属性!$O:$O,0)))))*0.5+INT(VLOOKUP(VLOOKUP($A$2,干员属性!$A:$AB,25,FALSE),$B$3:$C$6,2,FALSE)*(1+SUM(_xlfn.XLOOKUP(L25:Z25,增益属性!$A:$A,增益属性!$O:$O,0))))*0.2+(INT(IFERROR(VLOOKUP(VLOOKUP($A$2,干员属性!$A:$AB,26,FALSE),$B$3:$C$6,2,FALSE),0)/(1+$C$25)*(1+$C$25+SUM(_xlfn.XLOOKUP(L25:Z25,增益属性!$A:$A,增益属性!$O:$O,0))))+INT(IFERROR(VLOOKUP(VLOOKUP($A$2,干员属性!$A:$AB,27,FALSE),$B$3:$C$6,2,FALSE),0)*(1+SUM(_xlfn.XLOOKUP(L25:Z25,增益属性!$A:$A,增益属性!$O:$O,0)))))*VLOOKUP($A$2,干员属性!$A:$AB,28,FALSE))/100)} -> 5196.6288 | AD25: {=$C$10+VLOOKUP(K25,技能属性!$A:$Z,3,FALSE)+SUM(_xlfn.XLOOKUP(L25:Z25,增益属性!$A:$A,增益属性!$B:$B))} -> 0.16 | AE25: {=$C$11+VLOOKUP(K25,技能属性!$A:$AB,4,FALSE)+SUM(_xlfn.XLOOKUP(L25:Z25,增益属性!$A:$A,增益属性!$C:$C))} -> 1.5 | AF25: {=VLOOKUP(VLOOKUP(K25,技能属性!$A:$Z,5,FALSE),$B$14:$C$18,2,FALSE)+SUM(_xlfn.XLOOKUP(L25:Z25,增益属性!$A:$A,增益属性!$D:$D))+SUM(_xlfn.XLOOKUP(L25:Z25,增益属性!$A:$A,增益属性!$E:$E))+IF(VLOOKUP(K25,技能属性!$A:$Z,6,FALSE)="无",0,VLOOKUP(VLOOKUP(K25,技能属性!$A:$Z,6,FALSE),$B$20:$C$23,2,FALSE))+IF(VLOOKUP(K25,技能属性!$A:$Z,7,FALSE)=0,0,$C$19)} -> 0.6445 | AG25: {=IF(VLOOKUP(K25,技能属性!$A:$Z,8,FALSE)=0,0,$C$12+SUM(_xlfn.XLOOKUP(L25:Z25,增益属性!$A:$A,增益属性!$F:$F)))} -> 0 | AH25: {=VLOOKUP(K25,技能属性!$A:$Z,9,FALSE)+SUM(_xlfn.XLOOKUP(L25:Z25,增益属性!$A:$A,增益属性!$G:$G))} -> 0 | AI25: {=VLOOKUP(K25,技能属性!$A:$Z,10,FALSE)+SUM(_xlfn.XLOOKUP(L25:Z25,增益属性!$A:$A,增益属性!$H:$H))} -> 0 | AJ25: {=VLOOKUP(K25,技能属性!$A:$Z,11,FALSE)+SUM(_xlfn.XLOOKUP(L25:Z25,增益属性!$A:$A,增益属性!$I:$I))} -> 0 | AK25: {=VLOOKUP(K25,技能属性!$A:$Z,12,FALSE)+SUM(_xlfn.XLOOKUP(L25:Z25,增益属性!$A:$A,增益属性!$J:$J))} -> 0 | AL25: {=VLOOKUP(K25,技能属性!$A:$Z,13,FALSE)+SUM(_xlfn.XLOOKUP(L25:Z25,增益属性!$A:$A,增益属性!$K:$K))} -> 0 | AM25: {=VLOOKUP(K25,技能属性!$A:$Z,14,FALSE)+SUM(_xlfn.XLOOKUP(L25:Z25,增益属性!$A:$A,增益属性!$L:$L))} -> 0 | AN25: {=VLOOKUP(K25,技能属性!$A:$Z,15,FALSE)+SUM(_xlfn.XLOOKUP(L25:Z25,增益属性!$A:$A,增益属性!$M:$M))} -> 0
G26: =AA26*AC26*(1+AF26)*(1+AG26)*(1+AH26)*(1+AI26)*(1+AJ26)*(1+AK26)*(1-$D$2+AL26)*(1+AM26)*(1+AN26)*0.5*AE26*J26 -> 0 | H26: =AA26*AC26*(1+AF26)*(1+AG26)*(1+AH26)*(1+AI26)*(1+AJ26)*(1+AK26)*(1-$D$2+AL26)*(1+AM26)*(1+AN26)*0.5*J26 -> 0 | I26: =AA26*AC26*(1+AF26)*(1+AG26)*(1+AH26)*(1+AI26)*(1+AJ26)*(1+AK26)*(1-$D$2+AL26)*(1+AM26)*(1+AN26)*0.5*(AE26*AD26+(1-AD26))*J26 -> 0 | J26: 1 | K26: N/a | L26: N/a | M26: N/a | N26: N/a | O26: N/a | P26: N/a | Q26: N/a | R26: N/a | S26: N/a | T26: N/a | U26: N/a | V26: N/a | W26: N/a | X26: N/a | Y26: N/a | Z26: N/a | AA26: =VLOOKUP(K26,技能属性!$A:$AB,2,FALSE) -> 0 | AB26: {=$C$8+SUM(_xlfn.XLOOKUP(L26:Z26,增益属性!$A:$A,增益属性!$N:$N,0))} -> 0.08 | AC26: {=($C$7*(1+AB26)+$C$27)*(1+(INT((VLOOKUP(VLOOKUP($A$2,干员属性!$A:$AB,24,FALSE),$B$3:$C$6,2,FALSE)/(1+$C$24)*(1+$C$24+SUM(_xlfn.XLOOKUP(L26:Z26,增益属性!$A:$A,增益属性!$O:$O,0)))))*0.5+INT(VLOOKUP(VLOOKUP($A$2,干员属性!$A:$AB,25,FALSE),$B$3:$C$6,2,FALSE)*(1+SUM(_xlfn.XLOOKUP(L26:Z26,增益属性!$A:$A,增益属性!$O:$O,0))))*0.2+(INT(IFERROR(VLOOKUP(VLOOKUP($A$2,干员属性!$A:$AB,26,FALSE),$B$3:$C$6,2,FALSE),0)/(1+$C$25)*(1+$C$25+SUM(_xlfn.XLOOKUP(L26:Z26,增益属性!$A:$A,增益属性!$O:$O,0))))+INT(IFERROR(VLOOKUP(VLOOKUP($A$2,干员属性!$A:$AB,27,FALSE),$B$3:$C$6,2,FALSE),0)*(1+SUM(_xlfn.XLOOKUP(L26:Z26,增益属性!$A:$A,增益属性!$O:$O,0)))))*VLOOKUP($A$2,干员属性!$A:$AB,28,FALSE))/100)} -> 5196.6288 | AD26: {=$C$10+VLOOKUP(K26,技能属性!$A:$Z,3,FALSE)+SUM(_xlfn.XLOOKUP(L26:Z26,增益属性!$A:$A,增益属性!$B:$B))} -> 0.16 | AE26: {=$C$11+VLOOKUP(K26,技能属性!$A:$AB,4,FALSE)+SUM(_xlfn.XLOOKUP(L26:Z26,增益属性!$A:$A,增益属性!$C:$C))} -> 1.5 | AF26: {=VLOOKUP(VLOOKUP(K26,技能属性!$A:$Z,5,FALSE),$B$14:$C$18,2,FALSE)+SUM(_xlfn.XLOOKUP(L26:Z26,增益属性!$A:$A,增益属性!$D:$D))+SUM(_xlfn.XLOOKUP(L26:Z26,增益属性!$A:$A,增益属性!$E:$E))+IF(VLOOKUP(K26,技能属性!$A:$Z,6,FALSE)="无",0,VLOOKUP(VLOOKUP(K26,技能属性!$A:$Z,6,FALSE),$B$20:$C$23,2,FALSE))+IF(VLOOKUP(K26,技能属性!$A:$Z,7,FALSE)=0,0,$C$19)} -> 0.6445 | AG26: {=IF(VLOOKUP(K26,技能属性!$A:$Z,8,FALSE)=0,0,$C$12+SUM(_xlfn.XLOOKUP(L26:Z26,增益属性!$A:$A,增益属性!$F:$F)))} -> 0 | AH26: {=VLOOKUP(K26,技能属性!$A:$Z,9,FALSE)+SUM(_xlfn.XLOOKUP(L26:Z26,增益属性!$A:$A,增益属性!$G:$G))} -> 0 | AI26: {=VLOOKUP(K26,技能属性!$A:$Z,10,FALSE)+SUM(_xlfn.XLOOKUP(L26:Z26,增益属性!$A:$A,增益属性!$H:$H))} -> 0 | AJ26: {=VLOOKUP(K26,技能属性!$A:$Z,11,FALSE)+SUM(_xlfn.XLOOKUP(L26:Z26,增益属性!$A:$A,增益属性!$I:$I))} -> 0 | AK26: {=VLOOKUP(K26,技能属性!$A:$Z,12,FALSE)+SUM(_xlfn.XLOOKUP(L26:Z26,增益属性!$A:$A,增益属性!$J:$J))} -> 0 | AL26: {=VLOOKUP(K26,技能属性!$A:$Z,13,FALSE)+SUM(_xlfn.XLOOKUP(L26:Z26,增益属性!$A:$A,增益属性!$K:$K))} -> 0 | AM26: {=VLOOKUP(K26,技能属性!$A:$Z,14,FALSE)+SUM(_xlfn.XLOOKUP(L26:Z26,增益属性!$A:$A,增益属性!$L:$L))} -> 0 | AN26: {=VLOOKUP(K26,技能属性!$A:$Z,15,FALSE)+SUM(_xlfn.XLOOKUP(L26:Z26,增益属性!$A:$A,增益属性!$M:$M))} -> 0
B27: 额外固定攻击 | C27: =VLOOKUP($A$16,食物属性!$A:$Z,2,FALSE) -> 180 | G27: =AA27*AC27*(1+AF27)*(1+AG27)*(1+AH27)*(1+AI27)*(1+AJ27)*(1+AK27)*(1-$D$2+AL27)*(1+AM27)*(1+AN27)*0.5*AE27*J27 -> 0 | H27: =AA27*AC27*(1+AF27)*(1+AG27)*(1+AH27)*(1+AI27)*(1+AJ27)*(1+AK27)*(1-$D$2+AL27)*(1+AM27)*(1+AN27)*0.5*J27 -> 0 | I27: =AA27*AC27*(1+AF27)*(1+AG27)*(1+AH27)*(1+AI27)*(1+AJ27)*(1+AK27)*(1-$D$2+AL27)*(1+AM27)*(1+AN27)*0.5*(AE27*AD27+(1-AD27))*J27 -> 0 | J27: 1 | K27: N/a | L27: N/a | M27: N/a | N27: N/a | O27: N/a | P27: N/a | Q27: N/a | R27: N/a | S27: N/a | T27: N/a | U27: N/a | V27: N/a | W27: N/a | X27: N/a | Y27: N/a | Z27: N/a | AA27: =VLOOKUP(K27,技能属性!$A:$AB,2,FALSE) -> 0 | AB27: {=$C$8+SUM(_xlfn.XLOOKUP(L27:Z27,增益属性!$A:$A,增益属性!$N:$N,0))} -> 0.08 | AC27: {=($C$7*(1+AB27)+$C$27)*(1+(INT((VLOOKUP(VLOOKUP($A$2,干员属性!$A:$AB,24,FALSE),$B$3:$C$6,2,FALSE)/(1+$C$24)*(1+$C$24+SUM(_xlfn.XLOOKUP(L27:Z27,增益属性!$A:$A,增益属性!$O:$O,0)))))*0.5+INT(VLOOKUP(VLOOKUP($A$2,干员属性!$A:$AB,25,FALSE),$B$3:$C$6,2,FALSE)*(1+SUM(_xlfn.XLOOKUP(L27:Z27,增益属性!$A:$A,增益属性!$O:$O,0))))*0.2+(INT(IFERROR(VLOOKUP(VLOOKUP($A$2,干员属性!$A:$AB,26,FALSE),$B$3:$C$6,2,FALSE),0)/(1+$C$25)*(1+$C$25+SUM(_xlfn.XLOOKUP(L27:Z27,增益属性!$A:$A,增益属性!$O:$O,0))))+INT(IFERROR(VLOOKUP(VLOOKUP($A$2,干员属性!$A:$AB,27,FALSE),$B$3:$C$6,2,FALSE),0)*(1+SUM(_xlfn.XLOOKUP(L27:Z27,增益属性!$A:$A,增益属性!$O:$O,0)))))*VLOOKUP($A$2,干员属性!$A:$AB,28,FALSE))/100)} -> 5196.6288 | AD27: {=$C$10+VLOOKUP(K27,技能属性!$A:$Z,3,FALSE)+SUM(_xlfn.XLOOKUP(L27:Z27,增益属性!$A:$A,增益属性!$B:$B))} -> 0.16 | AE27: {=$C$11+VLOOKUP(K27,技能属性!$A:$AB,4,FALSE)+SUM(_xlfn.XLOOKUP(L27:Z27,增益属性!$A:$A,增益属性!$C:$C))} -> 1.5 | AF27: {=VLOOKUP(VLOOKUP(K27,技能属性!$A:$Z,5,FALSE),$B$14:$C$18,2,FALSE)+SUM(_xlfn.XLOOKUP(L27:Z27,增益属性!$A:$A,增益属性!$D:$D))+SUM(_xlfn.XLOOKUP(L27:Z27,增益属性!$A:$A,增益属性!$E:$E))+IF(VLOOKUP(K27,技能属性!$A:$Z,6,FALSE)="无",0,VLOOKUP(VLOOKUP(K27,技能属性!$A:$Z,6,FALSE),$B$20:$C$23,2,FALSE))+IF(VLOOKUP(K27,技能属性!$A:$Z,7,FALSE)=0,0,$C$19)} -> 0.6445 | AG27: {=IF(VLOOKUP(K27,技能属性!$A:$Z,8,FALSE)=0,0,$C$12+SUM(_xlfn.XLOOKUP(L27:Z27,增益属性!$A:$A,增益属性!$F:$F)))} -> 0 | AH27: {=VLOOKUP(K27,技能属性!$A:$Z,9,FALSE)+SUM(_xlfn.XLOOKUP(L27:Z27,增益属性!$A:$A,增益属性!$G:$G))} -> 0 | AI27: {=VLOOKUP(K27,技能属性!$A:$Z,10,FALSE)+SUM(_xlfn.XLOOKUP(L27:Z27,增益属性!$A:$A,增益属性!$H:$H))} -> 0 | AJ27: {=VLOOKUP(K27,技能属性!$A:$Z,11,FALSE)+SUM(_xlfn.XLOOKUP(L27:Z27,增益属性!$A:$A,增益属性!$I:$I))} -> 0 | AK27: {=VLOOKUP(K27,技能属性!$A:$Z,12,FALSE)+SUM(_xlfn.XLOOKUP(L27:Z27,增益属性!$A:$A,增益属性!$J:$J))} -> 0 | AL27: {=VLOOKUP(K27,技能属性!$A:$Z,13,FALSE)+SUM(_xlfn.XLOOKUP(L27:Z27,增益属性!$A:$A,增益属性!$K:$K))} -> 0 | AM27: {=VLOOKUP(K27,技能属性!$A:$Z,14,FALSE)+SUM(_xlfn.XLOOKUP(L27:Z27,增益属性!$A:$A,增益属性!$L:$L))} -> 0 | AN27: {=VLOOKUP(K27,技能属性!$A:$Z,15,FALSE)+SUM(_xlfn.XLOOKUP(L27:Z27,增益属性!$A:$A,增益属性!$M:$M))} -> 0
G28: =AA28*AC28*(1+AF28)*(1+AG28)*(1+AH28)*(1+AI28)*(1+AJ28)*(1+AK28)*(1-$D$2+AL28)*(1+AM28)*(1+AN28)*0.5*AE28*J28 -> 0 | H28: =AA28*AC28*(1+AF28)*(1+AG28)*(1+AH28)*(1+AI28)*(1+AJ28)*(1+AK28)*(1-$D$2+AL28)*(1+AM28)*(1+AN28)*0.5*J28 -> 0 | I28: =AA28*AC28*(1+AF28)*(1+AG28)*(1+AH28)*(1+AI28)*(1+AJ28)*(1+AK28)*(1-$D$2+AL28)*(1+AM28)*(1+AN28)*0.5*(AE28*AD28+(1-AD28))*J28 -> 0 | J28: 1 | K28: N/a | L28: N/a | M28: N/a | N28: N/a | O28: N/a | P28: N/a | Q28: N/a | R28: N/a | S28: N/a | T28: N/a | U28: N/a | V28: N/a | W28: N/a | X28: N/a | Y28: N/a | Z28: N/a | AA28: =VLOOKUP(K28,技能属性!$A:$AB,2,FALSE) -> 0 | AB28: {=$C$8+SUM(_xlfn.XLOOKUP(L28:Z28,增益属性!$A:$A,增益属性!$N:$N,0))} -> 0.08 | AC28: {=($C$7*(1+AB28)+$C$27)*(1+(INT((VLOOKUP(VLOOKUP($A$2,干员属性!$A:$AB,24,FALSE),$B$3:$C$6,2,FALSE)/(1+$C$24)*(1+$C$24+SUM(_xlfn.XLOOKUP(L28:Z28,增益属性!$A:$A,增益属性!$O:$O,0)))))*0.5+INT(VLOOKUP(VLOOKUP($A$2,干员属性!$A:$AB,25,FALSE),$B$3:$C$6,2,FALSE)*(1+SUM(_xlfn.XLOOKUP(L28:Z28,增益属性!$A:$A,增益属性!$O:$O,0))))*0.2+(INT(IFERROR(VLOOKUP(VLOOKUP($A$2,干员属性!$A:$AB,26,FALSE),$B$3:$C$6,2,FALSE),0)/(1+$C$25)*(1+$C$25+SUM(_xlfn.XLOOKUP(L28:Z28,增益属性!$A:$A,增益属性!$O:$O,0))))+INT(IFERROR(VLOOKUP(VLOOKUP($A$2,干员属性!$A:$AB,27,FALSE),$B$3:$C$6,2,FALSE),0)*(1+SUM(_xlfn.XLOOKUP(L28:Z28,增益属性!$A:$A,增益属性!$O:$O,0)))))*VLOOKUP($A$2,干员属性!$A:$AB,28,FALSE))/100)} -> 5196.6288 | AD28: {=$C$10+VLOOKUP(K28,技能属性!$A:$Z,3,FALSE)+SUM(_xlfn.XLOOKUP(L28:Z28,增益属性!$A:$A,增益属性!$B:$B))} -> 0.16 | AE28: {=$C$11+VLOOKUP(K28,技能属性!$A:$AB,4,FALSE)+SUM(_xlfn.XLOOKUP(L28:Z28,增益属性!$A:$A,增益属性!$C:$C))} -> 1.5 | AF28: {=VLOOKUP(VLOOKUP(K28,技能属性!$A:$Z,5,FALSE),$B$14:$C$18,2,FALSE)+SUM(_xlfn.XLOOKUP(L28:Z28,增益属性!$A:$A,增益属性!$D:$D))+SUM(_xlfn.XLOOKUP(L28:Z28,增益属性!$A:$A,增益属性!$E:$E))+IF(VLOOKUP(K28,技能属性!$A:$Z,6,FALSE)="无",0,VLOOKUP(VLOOKUP(K28,技能属性!$A:$Z,6,FALSE),$B$20:$C$23,2,FALSE))+IF(VLOOKUP(K28,技能属性!$A:$Z,7,FALSE)=0,0,$C$19)} -> 0.6445 | AG28: {=IF(VLOOKUP(K28,技能属性!$A:$Z,8,FALSE)=0,0,$C$12+SUM(_xlfn.XLOOKUP(L28:Z28,增益属性!$A:$A,增益属性!$F:$F)))} -> 0 | AH28: {=VLOOKUP(K28,技能属性!$A:$Z,9,FALSE)+SUM(_xlfn.XLOOKUP(L28:Z28,增益属性!$A:$A,增益属性!$G:$G))} -> 0 | AI28: {=VLOOKUP(K28,技能属性!$A:$Z,10,FALSE)+SUM(_xlfn.XLOOKUP(L28:Z28,增益属性!$A:$A,增益属性!$H:$H))} -> 0 | AJ28: {=VLOOKUP(K28,技能属性!$A:$Z,11,FALSE)+SUM(_xlfn.XLOOKUP(L28:Z28,增益属性!$A:$A,增益属性!$I:$I))} -> 0 | AK28: {=VLOOKUP(K28,技能属性!$A:$Z,12,FALSE)+SUM(_xlfn.XLOOKUP(L28:Z28,增益属性!$A:$A,增益属性!$J:$J))} -> 0 | AL28: {=VLOOKUP(K28,技能属性!$A:$Z,13,FALSE)+SUM(_xlfn.XLOOKUP(L28:Z28,增益属性!$A:$A,增益属性!$K:$K))} -> 0 | AM28: {=VLOOKUP(K28,技能属性!$A:$Z,14,FALSE)+SUM(_xlfn.XLOOKUP(L28:Z28,增益属性!$A:$A,增益属性!$L:$L))} -> 0 | AN28: {=VLOOKUP(K28,技能属性!$A:$Z,15,FALSE)+SUM(_xlfn.XLOOKUP(L28:Z28,增益属性!$A:$A,增益属性!$M:$M))} -> 0
G29: =AA29*AC29*(1+AF29)*(1+AG29)*(1+AH29)*(1+AI29)*(1+AJ29)*(1+AK29)*(1-$D$2+AL29)*(1+AM29)*(1+AN29)*0.5*AE29*J29 -> 0 | H29: =AA29*AC29*(1+AF29)*(1+AG29)*(1+AH29)*(1+AI29)*(1+AJ29)*(1+AK29)*(1-$D$2+AL29)*(1+AM29)*(1+AN29)*0.5*J29 -> 0 | I29: =AA29*AC29*(1+AF29)*(1+AG29)*(1+AH29)*(1+AI29)*(1+AJ29)*(1+AK29)*(1-$D$2+AL29)*(1+AM29)*(1+AN29)*0.5*(AE29*AD29+(1-AD29))*J29 -> 0 | J29: 1 | K29: N/a | L29: N/a | M29: N/a | N29: N/a | O29: N/a | P29: N/a | Q29: N/a | R29: N/a | S29: N/a | T29: N/a | U29: N/a | V29: N/a | W29: N/a | X29: N/a | Y29: N/a | Z29: N/a | AA29: =VLOOKUP(K29,技能属性!$A:$AB,2,FALSE) -> 0 | AB29: {=$C$8+SUM(_xlfn.XLOOKUP(L29:Z29,增益属性!$A:$A,增益属性!$N:$N,0))} -> 0.08 | AC29: {=($C$7*(1+AB29)+$C$27)*(1+(INT((VLOOKUP(VLOOKUP($A$2,干员属性!$A:$AB,24,FALSE),$B$3:$C$6,2,FALSE)/(1+$C$24)*(1+$C$24+SUM(_xlfn.XLOOKUP(L29:Z29,增益属性!$A:$A,增益属性!$O:$O,0)))))*0.5+INT(VLOOKUP(VLOOKUP($A$2,干员属性!$A:$AB,25,FALSE),$B$3:$C$6,2,FALSE)*(1+SUM(_xlfn.XLOOKUP(L29:Z29,增益属性!$A:$A,增益属性!$O:$O,0))))*0.2+(INT(IFERROR(VLOOKUP(VLOOKUP($A$2,干员属性!$A:$AB,26,FALSE),$B$3:$C$6,2,FALSE),0)/(1+$C$25)*(1+$C$25+SUM(_xlfn.XLOOKUP(L29:Z29,增益属性!$A:$A,增益属性!$O:$O,0))))+INT(IFERROR(VLOOKUP(VLOOKUP($A$2,干员属性!$A:$AB,27,FALSE),$B$3:$C$6,2,FALSE),0)*(1+SUM(_xlfn.XLOOKUP(L29:Z29,增益属性!$A:$A,增益属性!$O:$O,0)))))*VLOOKUP($A$2,干员属性!$A:$AB,28,FALSE))/100)} -> 5196.6288 | AD29: {=$C$10+VLOOKUP(K29,技能属性!$A:$Z,3,FALSE)+SUM(_xlfn.XLOOKUP(L29:Z29,增益属性!$A:$A,增益属性!$B:$B))} -> 0.16 | AE29: {=$C$11+VLOOKUP(K29,技能属性!$A:$AB,4,FALSE)+SUM(_xlfn.XLOOKUP(L29:Z29,增益属性!$A:$A,增益属性!$C:$C))} -> 1.5 | AF29: {=VLOOKUP(VLOOKUP(K29,技能属性!$A:$Z,5,FALSE),$B$14:$C$18,2,FALSE)+SUM(_xlfn.XLOOKUP(L29:Z29,增益属性!$A:$A,增益属性!$D:$D))+SUM(_xlfn.XLOOKUP(L29:Z29,增益属性!$A:$A,增益属性!$E:$E))+IF(VLOOKUP(K29,技能属性!$A:$Z,6,FALSE)="无",0,VLOOKUP(VLOOKUP(K29,技能属性!$A:$Z,6,FALSE),$B$20:$C$23,2,FALSE))+IF(VLOOKUP(K29,技能属性!$A:$Z,7,FALSE)=0,0,$C$19)} -> 0.6445 | AG29: {=IF(VLOOKUP(K29,技能属性!$A:$Z,8,FALSE)=0,0,$C$12+SUM(_xlfn.XLOOKUP(L29:Z29,增益属性!$A:$A,增益属性!$F:$F)))} -> 0 | AH29: {=VLOOKUP(K29,技能属性!$A:$Z,9,FALSE)+SUM(_xlfn.XLOOKUP(L29:Z29,增益属性!$A:$A,增益属性!$G:$G))} -> 0 | AI29: {=VLOOKUP(K29,技能属性!$A:$Z,10,FALSE)+SUM(_xlfn.XLOOKUP(L29:Z29,增益属性!$A:$A,增益属性!$H:$H))} -> 0 | AJ29: {=VLOOKUP(K29,技能属性!$A:$Z,11,FALSE)+SUM(_xlfn.XLOOKUP(L29:Z29,增益属性!$A:$A,增益属性!$I:$I))} -> 0 | AK29: {=VLOOKUP(K29,技能属性!$A:$Z,12,FALSE)+SUM(_xlfn.XLOOKUP(L29:Z29,增益属性!$A:$A,增益属性!$J:$J))} -> 0 | AL29: {=VLOOKUP(K29,技能属性!$A:$Z,13,FALSE)+SUM(_xlfn.XLOOKUP(L29:Z29,增益属性!$A:$A,增益属性!$K:$K))} -> 0 | AM29: {=VLOOKUP(K29,技能属性!$A:$Z,14,FALSE)+SUM(_xlfn.XLOOKUP(L29:Z29,增益属性!$A:$A,增益属性!$L:$L))} -> 0 | AN29: {=VLOOKUP(K29,技能属性!$A:$Z,15,FALSE)+SUM(_xlfn.XLOOKUP(L29:Z29,增益属性!$A:$A,增益属性!$M:$M))} -> 0
G30: =AA30*AC30*(1+AF30)*(1+AG30)*(1+AH30)*(1+AI30)*(1+AJ30)*(1+AK30)*(1-$D$2+AL30)*(1+AM30)*(1+AN30)*0.5*AE30*J30 -> 0 | H30: =AA30*AC30*(1+AF30)*(1+AG30)*(1+AH30)*(1+AI30)*(1+AJ30)*(1+AK30)*(1-$D$2+AL30)*(1+AM30)*(1+AN30)*0.5*J30 -> 0 | I30: =AA30*AC30*(1+AF30)*(1+AG30)*(1+AH30)*(1+AI30)*(1+AJ30)*(1+AK30)*(1-$D$2+AL30)*(1+AM30)*(1+AN30)*0.5*(AE30*AD30+(1-AD30))*J30 -> 0 | J30: 1 | K30: N/a | L30: N/a | M30: N/a | N30: N/a | O30: N/a | P30: N/a | Q30: N/a | R30: N/a | S30: N/a | T30: N/a | U30: N/a | V30: N/a | W30: N/a | X30: N/a | Y30: N/a | Z30: N/a | AA30: =VLOOKUP(K30,技能属性!$A:$AB,2,FALSE) -> 0 | AB30: {=$C$8+SUM(_xlfn.XLOOKUP(L30:Z30,增益属性!$A:$A,增益属性!$N:$N,0))} -> 0.08 | AC30: {=($C$7*(1+AB30)+$C$27)*(1+(INT((VLOOKUP(VLOOKUP($A$2,干员属性!$A:$AB,24,FALSE),$B$3:$C$6,2,FALSE)/(1+$C$24)*(1+$C$24+SUM(_xlfn.XLOOKUP(L30:Z30,增益属性!$A:$A,增益属性!$O:$O,0)))))*0.5+INT(VLOOKUP(VLOOKUP($A$2,干员属性!$A:$AB,25,FALSE),$B$3:$C$6,2,FALSE)*(1+SUM(_xlfn.XLOOKUP(L30:Z30,增益属性!$A:$A,增益属性!$O:$O,0))))*0.2+(INT(IFERROR(VLOOKUP(VLOOKUP($A$2,干员属性!$A:$AB,26,FALSE),$B$3:$C$6,2,FALSE),0)/(1+$C$25)*(1+$C$25+SUM(_xlfn.XLOOKUP(L30:Z30,增益属性!$A:$A,增益属性!$O:$O,0))))+INT(IFERROR(VLOOKUP(VLOOKUP($A$2,干员属性!$A:$AB,27,FALSE),$B$3:$C$6,2,FALSE),0)*(1+SUM(_xlfn.XLOOKUP(L30:Z30,增益属性!$A:$A,增益属性!$O:$O,0)))))*VLOOKUP($A$2,干员属性!$A:$AB,28,FALSE))/100)} -> 5196.6288 | AD30: {=$C$10+VLOOKUP(K30,技能属性!$A:$Z,3,FALSE)+SUM(_xlfn.XLOOKUP(L30:Z30,增益属性!$A:$A,增益属性!$B:$B))} -> 0.16 | AE30: {=$C$11+VLOOKUP(K30,技能属性!$A:$AB,4,FALSE)+SUM(_xlfn.XLOOKUP(L30:Z30,增益属性!$A:$A,增益属性!$C:$C))} -> 1.5 | AF30: {=VLOOKUP(VLOOKUP(K30,技能属性!$A:$Z,5,FALSE),$B$14:$C$18,2,FALSE)+SUM(_xlfn.XLOOKUP(L30:Z30,增益属性!$A:$A,增益属性!$D:$D))+SUM(_xlfn.XLOOKUP(L30:Z30,增益属性!$A:$A,增益属性!$E:$E))+IF(VLOOKUP(K30,技能属性!$A:$Z,6,FALSE)="无",0,VLOOKUP(VLOOKUP(K30,技能属性!$A:$Z,6,FALSE),$B$20:$C$23,2,FALSE))+IF(VLOOKUP(K30,技能属性!$A:$Z,7,FALSE)=0,0,$C$19)} -> 0.6445 | AG30: {=IF(VLOOKUP(K30,技能属性!$A:$Z,8,FALSE)=0,0,$C$12+SUM(_xlfn.XLOOKUP(L30:Z30,增益属性!$A:$A,增益属性!$F:$F)))} -> 0 | AH30: {=VLOOKUP(K30,技能属性!$A:$Z,9,FALSE)+SUM(_xlfn.XLOOKUP(L30:Z30,增益属性!$A:$A,增益属性!$G:$G))} -> 0 | AI30: {=VLOOKUP(K30,技能属性!$A:$Z,10,FALSE)+SUM(_xlfn.XLOOKUP(L30:Z30,增益属性!$A:$A,增益属性!$H:$H))} -> 0 | AJ30: {=VLOOKUP(K30,技能属性!$A:$Z,11,FALSE)+SUM(_xlfn.XLOOKUP(L30:Z30,增益属性!$A:$A,增益属性!$I:$I))} -> 0 | AK30: {=VLOOKUP(K30,技能属性!$A:$Z,12,FALSE)+SUM(_xlfn.XLOOKUP(L30:Z30,增益属性!$A:$A,增益属性!$J:$J))} -> 0 | AL30: {=VLOOKUP(K30,技能属性!$A:$Z,13,FALSE)+SUM(_xlfn.XLOOKUP(L30:Z30,增益属性!$A:$A,增益属性!$K:$K))} -> 0 | AM30: {=VLOOKUP(K30,技能属性!$A:$Z,14,FALSE)+SUM(_xlfn.XLOOKUP(L30:Z30,增益属性!$A:$A,增益属性!$L:$L))} -> 0 | AN30: {=VLOOKUP(K30,技能属性!$A:$Z,15,FALSE)+SUM(_xlfn.XLOOKUP(L30:Z30,增益属性!$A:$A,增益属性!$M:$M))} -> 0
G31: =AA31*AC31*(1+AF31)*(1+AG31)*(1+AH31)*(1+AI31)*(1+AJ31)*(1+AK31)*(1-$D$2+AL31)*(1+AM31)*(1+AN31)*0.5*AE31*J31 -> 0 | H31: =AA31*AC31*(1+AF31)*(1+AG31)*(1+AH31)*(1+AI31)*(1+AJ31)*(1+AK31)*(1-$D$2+AL31)*(1+AM31)*(1+AN31)*0.5*J31 -> 0 | I31: =AA31*AC31*(1+AF31)*(1+AG31)*(1+AH31)*(1+AI31)*(1+AJ31)*(1+AK31)*(1-$D$2+AL31)*(1+AM31)*(1+AN31)*0.5*(AE31*AD31+(1-AD31))*J31 -> 0 | J31: 1 | K31: N/a | L31: N/a | M31: N/a | N31: N/a | O31: N/a | P31: N/a | Q31: N/a | R31: N/a | S31: N/a | T31: N/a | U31: N/a | V31: N/a | W31: N/a | X31: N/a | Y31: N/a | Z31: N/a | AA31: =VLOOKUP(K31,技能属性!$A:$AB,2,FALSE) -> 0 | AB31: {=$C$8+SUM(_xlfn.XLOOKUP(L31:Z31,增益属性!$A:$A,增益属性!$N:$N,0))} -> 0.08 | AC31: {=($C$7*(1+AB31)+$C$27)*(1+(INT((VLOOKUP(VLOOKUP($A$2,干员属性!$A:$AB,24,FALSE),$B$3:$C$6,2,FALSE)/(1+$C$24)*(1+$C$24+SUM(_xlfn.XLOOKUP(L31:Z31,增益属性!$A:$A,增益属性!$O:$O,0)))))*0.5+INT(VLOOKUP(VLOOKUP($A$2,干员属性!$A:$AB,25,FALSE),$B$3:$C$6,2,FALSE)*(1+SUM(_xlfn.XLOOKUP(L31:Z31,增益属性!$A:$A,增益属性!$O:$O,0))))*0.2+(INT(IFERROR(VLOOKUP(VLOOKUP($A$2,干员属性!$A:$AB,26,FALSE),$B$3:$C$6,2,FALSE),0)/(1+$C$25)*(1+$C$25+SUM(_xlfn.XLOOKUP(L31:Z31,增益属性!$A:$A,增益属性!$O:$O,0))))+INT(IFERROR(VLOOKUP(VLOOKUP($A$2,干员属性!$A:$AB,27,FALSE),$B$3:$C$6,2,FALSE),0)*(1+SUM(_xlfn.XLOOKUP(L31:Z31,增益属性!$A:$A,增益属性!$O:$O,0)))))*VLOOKUP($A$2,干员属性!$A:$AB,28,FALSE))/100)} -> 5196.6288 | AD31: {=$C$10+VLOOKUP(K31,技能属性!$A:$Z,3,FALSE)+SUM(_xlfn.XLOOKUP(L31:Z31,增益属性!$A:$A,增益属性!$B:$B))} -> 0.16 | AE31: {=$C$11+VLOOKUP(K31,技能属性!$A:$AB,4,FALSE)+SUM(_xlfn.XLOOKUP(L31:Z31,增益属性!$A:$A,增益属性!$C:$C))} -> 1.5 | AF31: {=VLOOKUP(VLOOKUP(K31,技能属性!$A:$Z,5,FALSE),$B$14:$C$18,2,FALSE)+SUM(_xlfn.XLOOKUP(L31:Z31,增益属性!$A:$A,增益属性!$D:$D))+SUM(_xlfn.XLOOKUP(L31:Z31,增益属性!$A:$A,增益属性!$E:$E))+IF(VLOOKUP(K31,技能属性!$A:$Z,6,FALSE)="无",0,VLOOKUP(VLOOKUP(K31,技能属性!$A:$Z,6,FALSE),$B$20:$C$23,2,FALSE))+IF(VLOOKUP(K31,技能属性!$A:$Z,7,FALSE)=0,0,$C$19)} -> 0.6445 | AG31: {=IF(VLOOKUP(K31,技能属性!$A:$Z,8,FALSE)=0,0,$C$12+SUM(_xlfn.XLOOKUP(L31:Z31,增益属性!$A:$A,增益属性!$F:$F)))} -> 0 | AH31: {=VLOOKUP(K31,技能属性!$A:$Z,9,FALSE)+SUM(_xlfn.XLOOKUP(L31:Z31,增益属性!$A:$A,增益属性!$G:$G))} -> 0 | AI31: {=VLOOKUP(K31,技能属性!$A:$Z,10,FALSE)+SUM(_xlfn.XLOOKUP(L31:Z31,增益属性!$A:$A,增益属性!$H:$H))} -> 0 | AJ31: {=VLOOKUP(K31,技能属性!$A:$Z,11,FALSE)+SUM(_xlfn.XLOOKUP(L31:Z31,增益属性!$A:$A,增益属性!$I:$I))} -> 0 | AK31: {=VLOOKUP(K31,技能属性!$A:$Z,12,FALSE)+SUM(_xlfn.XLOOKUP(L31:Z31,增益属性!$A:$A,增益属性!$J:$J))} -> 0 | AL31: {=VLOOKUP(K31,技能属性!$A:$Z,13,FALSE)+SUM(_xlfn.XLOOKUP(L31:Z31,增益属性!$A:$A,增益属性!$K:$K))} -> 0 | AM31: {=VLOOKUP(K31,技能属性!$A:$Z,14,FALSE)+SUM(_xlfn.XLOOKUP(L31:Z31,增益属性!$A:$A,增益属性!$L:$L))} -> 0 | AN31: {=VLOOKUP(K31,技能属性!$A:$Z,15,FALSE)+SUM(_xlfn.XLOOKUP(L31:Z31,增益属性!$A:$A,增益属性!$M:$M))} -> 0
G32: =AA32*AC32*(1+AF32)*(1+AG32)*(1+AH32)*(1+AI32)*(1+AJ32)*(1+AK32)*(1-$D$2+AL32)*(1+AM32)*(1+AN32)*0.5*AE32*J32 -> 0 | H32: =AA32*AC32*(1+AF32)*(1+AG32)*(1+AH32)*(1+AI32)*(1+AJ32)*(1+AK32)*(1-$D$2+AL32)*(1+AM32)*(1+AN32)*0.5*J32 -> 0 | I32: =AA32*AC32*(1+AF32)*(1+AG32)*(1+AH32)*(1+AI32)*(1+AJ32)*(1+AK32)*(1-$D$2+AL32)*(1+AM32)*(1+AN32)*0.5*(AE32*AD32+(1-AD32))*J32 -> 0 | J32: 1 | K32: N/a | L32: N/a | M32: N/a | N32: N/a | O32: N/a | P32: N/a | Q32: N/a | R32: N/a | S32: N/a | T32: N/a | U32: N/a | V32: N/a | W32: N/a | X32: N/a | Y32: N/a | Z32: N/a | AA32: =VLOOKUP(K32,技能属性!$A:$AB,2,FALSE) -> 0 | AB32: {=$C$8+SUM(_xlfn.XLOOKUP(L32:Z32,增益属性!$A:$A,增益属性!$N:$N,0))} -> 0.08 | AC32: {=($C$7*(1+AB32)+$C$27)*(1+(INT((VLOOKUP(VLOOKUP($A$2,干员属性!$A:$AB,24,FALSE),$B$3:$C$6,2,FALSE)/(1+$C$24)*(1+$C$24+SUM(_xlfn.XLOOKUP(L32:Z32,增益属性!$A:$A,增益属性!$O:$O,0)))))*0.5+INT(VLOOKUP(VLOOKUP($A$2,干员属性!$A:$AB,25,FALSE),$B$3:$C$6,2,FALSE)*(1+SUM(_xlfn.XLOOKUP(L32:Z32,增益属性!$A:$A,增益属性!$O:$O,0))))*0.2+(INT(IFERROR(VLOOKUP(VLOOKUP($A$2,干员属性!$A:$AB,26,FALSE),$B$3:$C$6,2,FALSE),0)/(1+$C$25)*(1+$C$25+SUM(_xlfn.XLOOKUP(L32:Z32,增益属性!$A:$A,增益属性!$O:$O,0))))+INT(IFERROR(VLOOKUP(VLOOKUP($A$2,干员属性!$A:$AB,27,FALSE),$B$3:$C$6,2,FALSE),0)*(1+SUM(_xlfn.XLOOKUP(L32:Z32,增益属性!$A:$A,增益属性!$O:$O,0)))))*VLOOKUP($A$2,干员属性!$A:$AB,28,FALSE))/100)} -> 5196.6288 | AD32: {=$C$10+VLOOKUP(K32,技能属性!$A:$Z,3,FALSE)+SUM(_xlfn.XLOOKUP(L32:Z32,增益属性!$A:$A,增益属性!$B:$B))} -> 0.16 | AE32: {=$C$11+VLOOKUP(K32,技能属性!$A:$AB,4,FALSE)+SUM(_xlfn.XLOOKUP(L32:Z32,增益属性!$A:$A,增益属性!$C:$C))} -> 1.5 | AF32: {=VLOOKUP(VLOOKUP(K32,技能属性!$A:$Z,5,FALSE),$B$14:$C$18,2,FALSE)+SUM(_xlfn.XLOOKUP(L32:Z32,增益属性!$A:$A,增益属性!$D:$D))+SUM(_xlfn.XLOOKUP(L32:Z32,增益属性!$A:$A,增益属性!$E:$E))+IF(VLOOKUP(K32,技能属性!$A:$Z,6,FALSE)="无",0,VLOOKUP(VLOOKUP(K32,技能属性!$A:$Z,6,FALSE),$B$20:$C$23,2,FALSE))+IF(VLOOKUP(K32,技能属性!$A:$Z,7,FALSE)=0,0,$C$19)} -> 0.6445 | AG32: {=IF(VLOOKUP(K32,技能属性!$A:$Z,8,FALSE)=0,0,$C$12+SUM(_xlfn.XLOOKUP(L32:Z32,增益属性!$A:$A,增益属性!$F:$F)))} -> 0 | AH32: {=VLOOKUP(K32,技能属性!$A:$Z,9,FALSE)+SUM(_xlfn.XLOOKUP(L32:Z32,增益属性!$A:$A,增益属性!$G:$G))} -> 0 | AI32: {=VLOOKUP(K32,技能属性!$A:$Z,10,FALSE)+SUM(_xlfn.XLOOKUP(L32:Z32,增益属性!$A:$A,增益属性!$H:$H))} -> 0 | AJ32: {=VLOOKUP(K32,技能属性!$A:$Z,11,FALSE)+SUM(_xlfn.XLOOKUP(L32:Z32,增益属性!$A:$A,增益属性!$I:$I))} -> 0 | AK32: {=VLOOKUP(K32,技能属性!$A:$Z,12,FALSE)+SUM(_xlfn.XLOOKUP(L32:Z32,增益属性!$A:$A,增益属性!$J:$J))} -> 0 | AL32: {=VLOOKUP(K32,技能属性!$A:$Z,13,FALSE)+SUM(_xlfn.XLOOKUP(L32:Z32,增益属性!$A:$A,增益属性!$K:$K))} -> 0 | AM32: {=VLOOKUP(K32,技能属性!$A:$Z,14,FALSE)+SUM(_xlfn.XLOOKUP(L32:Z32,增益属性!$A:$A,增益属性!$L:$L))} -> 0 | AN32: {=VLOOKUP(K32,技能属性!$A:$Z,15,FALSE)+SUM(_xlfn.XLOOKUP(L32:Z32,增益属性!$A:$A,增益属性!$M:$M))} -> 0
G33: =AA33*AC33*(1+AF33)*(1+AG33)*(1+AH33)*(1+AI33)*(1+AJ33)*(1+AK33)*(1-$D$2+AL33)*(1+AM33)*(1+AN33)*0.5*AE33*J33 -> 0 | H33: =AA33*AC33*(1+AF33)*(1+AG33)*(1+AH33)*(1+AI33)*(1+AJ33)*(1+AK33)*(1-$D$2+AL33)*(1+AM33)*(1+AN33)*0.5*J33 -> 0 | I33: =AA33*AC33*(1+AF33)*(1+AG33)*(1+AH33)*(1+AI33)*(1+AJ33)*(1+AK33)*(1-$D$2+AL33)*(1+AM33)*(1+AN33)*0.5*(AE33*AD33+(1-AD33))*J33 -> 0 | J33: 1 | K33: N/a | L33: N/a | M33: N/a | N33: N/a | O33: N/a | P33: N/a | Q33: N/a | R33: N/a | S33: N/a | T33: N/a | U33: N/a | V33: N/a | W33: N/a | X33: N/a | Y33: N/a | Z33: N/a | AA33: =VLOOKUP(K33,技能属性!$A:$AB,2,FALSE) -> 0 | AB33: {=$C$8+SUM(_xlfn.XLOOKUP(L33:Z33,增益属性!$A:$A,增益属性!$N:$N,0))} -> 0.08 | AC33: {=($C$7*(1+AB33)+$C$27)*(1+(INT((VLOOKUP(VLOOKUP($A$2,干员属性!$A:$AB,24,FALSE),$B$3:$C$6,2,FALSE)/(1+$C$24)*(1+$C$24+SUM(_xlfn.XLOOKUP(L33:Z33,增益属性!$A:$A,增益属性!$O:$O,0)))))*0.5+INT(VLOOKUP(VLOOKUP($A$2,干员属性!$A:$AB,25,FALSE),$B$3:$C$6,2,FALSE)*(1+SUM(_xlfn.XLOOKUP(L33:Z33,增益属性!$A:$A,增益属性!$O:$O,0))))*0.2+(INT(IFERROR(VLOOKUP(VLOOKUP($A$2,干员属性!$A:$AB,26,FALSE),$B$3:$C$6,2,FALSE),0)/(1+$C$25)*(1+$C$25+SUM(_xlfn.XLOOKUP(L33:Z33,增益属性!$A:$A,增益属性!$O:$O,0))))+INT(IFERROR(VLOOKUP(VLOOKUP($A$2,干员属性!$A:$AB,27,FALSE),$B$3:$C$6,2,FALSE),0)*(1+SUM(_xlfn.XLOOKUP(L33:Z33,增益属性!$A:$A,增益属性!$O:$O,0)))))*VLOOKUP($A$2,干员属性!$A:$AB,28,FALSE))/100)} -> 5196.6288 | AD33: {=$C$10+VLOOKUP(K33,技能属性!$A:$Z,3,FALSE)+SUM(_xlfn.XLOOKUP(L33:Z33,增益属性!$A:$A,增益属性!$B:$B))} -> 0.16 | AE33: {=$C$11+VLOOKUP(K33,技能属性!$A:$AB,4,FALSE)+SUM(_xlfn.XLOOKUP(L33:Z33,增益属性!$A:$A,增益属性!$C:$C))} -> 1.5 | AF33: {=VLOOKUP(VLOOKUP(K33,技能属性!$A:$Z,5,FALSE),$B$14:$C$18,2,FALSE)+SUM(_xlfn.XLOOKUP(L33:Z33,增益属性!$A:$A,增益属性!$D:$D))+SUM(_xlfn.XLOOKUP(L33:Z33,增益属性!$A:$A,增益属性!$E:$E))+IF(VLOOKUP(K33,技能属性!$A:$Z,6,FALSE)="无",0,VLOOKUP(VLOOKUP(K33,技能属性!$A:$Z,6,FALSE),$B$20:$C$23,2,FALSE))+IF(VLOOKUP(K33,技能属性!$A:$Z,7,FALSE)=0,0,$C$19)} -> 0.6445 | AG33: {=IF(VLOOKUP(K33,技能属性!$A:$Z,8,FALSE)=0,0,$C$12+SUM(_xlfn.XLOOKUP(L33:Z33,增益属性!$A:$A,增益属性!$F:$F)))} -> 0 | AH33: {=VLOOKUP(K33,技能属性!$A:$Z,9,FALSE)+SUM(_xlfn.XLOOKUP(L33:Z33,增益属性!$A:$A,增益属性!$G:$G))} -> 0 | AI33: {=VLOOKUP(K33,技能属性!$A:$Z,10,FALSE)+SUM(_xlfn.XLOOKUP(L33:Z33,增益属性!$A:$A,增益属性!$H:$H))} -> 0 | AJ33: {=VLOOKUP(K33,技能属性!$A:$Z,11,FALSE)+SUM(_xlfn.XLOOKUP(L33:Z33,增益属性!$A:$A,增益属性!$I:$I))} -> 0 | AK33: {=VLOOKUP(K33,技能属性!$A:$Z,12,FALSE)+SUM(_xlfn.XLOOKUP(L33:Z33,增益属性!$A:$A,增益属性!$J:$J))} -> 0 | AL33: {=VLOOKUP(K33,技能属性!$A:$Z,13,FALSE)+SUM(_xlfn.XLOOKUP(L33:Z33,增益属性!$A:$A,增益属性!$K:$K))} -> 0 | AM33: {=VLOOKUP(K33,技能属性!$A:$Z,14,FALSE)+SUM(_xlfn.XLOOKUP(L33:Z33,增益属性!$A:$A,增益属性!$L:$L))} -> 0 | AN33: {=VLOOKUP(K33,技能属性!$A:$Z,15,FALSE)+SUM(_xlfn.XLOOKUP(L33:Z33,增益属性!$A:$A,增益属性!$M:$M))} -> 0
G34: =AA34*AC34*(1+AF34)*(1+AG34)*(1+AH34)*(1+AI34)*(1+AJ34)*(1+AK34)*(1-$D$2+AL34)*(1+AM34)*(1+AN34)*0.5*AE34*J34 -> 0 | H34: =AA34*AC34*(1+AF34)*(1+AG34)*(1+AH34)*(1+AI34)*(1+AJ34)*(1+AK34)*(1-$D$2+AL34)*(1+AM34)*(1+AN34)*0.5*J34 -> 0 | I34: =AA34*AC34*(1+AF34)*(1+AG34)*(1+AH34)*(1+AI34)*(1+AJ34)*(1+AK34)*(1-$D$2+AL34)*(1+AM34)*(1+AN34)*0.5*(AE34*AD34+(1-AD34))*J34 -> 0 | J34: 1 | K34: N/a | L34: N/a | M34: N/a | N34: N/a | O34: N/a | P34: N/a | Q34: N/a | R34: N/a | S34: N/a | T34: N/a | U34: N/a | V34: N/a | W34: N/a | X34: N/a | Y34: N/a | Z34: N/a | AA34: =VLOOKUP(K34,技能属性!$A:$AB,2,FALSE) -> 0 | AB34: {=$C$8+SUM(_xlfn.XLOOKUP(L34:Z34,增益属性!$A:$A,增益属性!$N:$N,0))} -> 0.08 | AC34: {=($C$7*(1+AB34)+$C$27)*(1+(INT((VLOOKUP(VLOOKUP($A$2,干员属性!$A:$AB,24,FALSE),$B$3:$C$6,2,FALSE)/(1+$C$24)*(1+$C$24+SUM(_xlfn.XLOOKUP(L34:Z34,增益属性!$A:$A,增益属性!$O:$O,0)))))*0.5+INT(VLOOKUP(VLOOKUP($A$2,干员属性!$A:$AB,25,FALSE),$B$3:$C$6,2,FALSE)*(1+SUM(_xlfn.XLOOKUP(L34:Z34,增益属性!$A:$A,增益属性!$O:$O,0))))*0.2+(INT(IFERROR(VLOOKUP(VLOOKUP($A$2,干员属性!$A:$AB,26,FALSE),$B$3:$C$6,2,FALSE),0)/(1+$C$25)*(1+$C$25+SUM(_xlfn.XLOOKUP(L34:Z34,增益属性!$A:$A,增益属性!$O:$O,0))))+INT(IFERROR(VLOOKUP(VLOOKUP($A$2,干员属性!$A:$AB,27,FALSE),$B$3:$C$6,2,FALSE),0)*(1+SUM(_xlfn.XLOOKUP(L34:Z34,增益属性!$A:$A,增益属性!$O:$O,0)))))*VLOOKUP($A$2,干员属性!$A:$AB,28,FALSE))/100)} -> 5196.6288 | AD34: {=$C$10+VLOOKUP(K34,技能属性!$A:$Z,3,FALSE)+SUM(_xlfn.XLOOKUP(L34:Z34,增益属性!$A:$A,增益属性!$B:$B))} -> 0.16 | AE34: {=$C$11+VLOOKUP(K34,技能属性!$A:$AB,4,FALSE)+SUM(_xlfn.XLOOKUP(L34:Z34,增益属性!$A:$A,增益属性!$C:$C))} -> 1.5 | AF34: {=VLOOKUP(VLOOKUP(K34,技能属性!$A:$Z,5,FALSE),$B$14:$C$18,2,FALSE)+SUM(_xlfn.XLOOKUP(L34:Z34,增益属性!$A:$A,增益属性!$D:$D))+SUM(_xlfn.XLOOKUP(L34:Z34,增益属性!$A:$A,增益属性!$E:$E))+IF(VLOOKUP(K34,技能属性!$A:$Z,6,FALSE)="无",0,VLOOKUP(VLOOKUP(K34,技能属性!$A:$Z,6,FALSE),$B$20:$C$23,2,FALSE))+IF(VLOOKUP(K34,技能属性!$A:$Z,7,FALSE)=0,0,$C$19)} -> 0.6445 | AG34: {=IF(VLOOKUP(K34,技能属性!$A:$Z,8,FALSE)=0,0,$C$12+SUM(_xlfn.XLOOKUP(L34:Z34,增益属性!$A:$A,增益属性!$F:$F)))} -> 0 | AH34: {=VLOOKUP(K34,技能属性!$A:$Z,9,FALSE)+SUM(_xlfn.XLOOKUP(L34:Z34,增益属性!$A:$A,增益属性!$G:$G))} -> 0 | AI34: {=VLOOKUP(K34,技能属性!$A:$Z,10,FALSE)+SUM(_xlfn.XLOOKUP(L34:Z34,增益属性!$A:$A,增益属性!$H:$H))} -> 0 | AJ34: {=VLOOKUP(K34,技能属性!$A:$Z,11,FALSE)+SUM(_xlfn.XLOOKUP(L34:Z34,增益属性!$A:$A,增益属性!$I:$I))} -> 0 | AK34: {=VLOOKUP(K34,技能属性!$A:$Z,12,FALSE)+SUM(_xlfn.XLOOKUP(L34:Z34,增益属性!$A:$A,增益属性!$J:$J))} -> 0 | AL34: {=VLOOKUP(K34,技能属性!$A:$Z,13,FALSE)+SUM(_xlfn.XLOOKUP(L34:Z34,增益属性!$A:$A,增益属性!$K:$K))} -> 0 | AM34: {=VLOOKUP(K34,技能属性!$A:$Z,14,FALSE)+SUM(_xlfn.XLOOKUP(L34:Z34,增益属性!$A:$A,增益属性!$L:$L))} -> 0 | AN34: {=VLOOKUP(K34,技能属性!$A:$Z,15,FALSE)+SUM(_xlfn.XLOOKUP(L34:Z34,增益属性!$A:$A,增益属性!$M:$M))} -> 0
